<?xml version="1.0" encoding="UTF-8"?>
<gpx xmlns="http://www.topografix.com/GPX/1/1" creator="GPS Kit iOS App by Garafa" version="1.1" xmlns:xsi="http://www.w3.org/2001/XMLSchema-instance" xsi:schemaLocation="http://www.topografix.com/GPX/1/1 http://www.topografix.com/GPX/1/1/gpx.xsd">
 <metadata>
  <name>Sun Mar 22 2026 - 2</name>
 </metadata>
 <trk>
  <name>2026. 03. 22., 8:19:42</name>
  <trkseg>
   <trkpt lat="45.998717" lon="18.688315">
    <ele>100</ele>
    <time>2026-03-22T07:19:42.9950Z</time>
   </trkpt>
   <trkpt lat="45.998669" lon="18.688340">
    <ele>90</ele>
    <time>2026-03-22T07:20:17.9910Z</time>
   </trkpt>
   <trkpt lat="45.998625" lon="18.688403">
    <ele>90</ele>
    <time>2026-03-22T07:20:23.9940Z</time>
   </trkpt>
   <trkpt lat="45.998580" lon="18.688449">
    <ele>89</ele>
    <time>2026-03-22T07:20:27.9940Z</time>
   </trkpt>
   <trkpt lat="45.998552" lon="18.688502">
    <ele>90</ele>
    <time>2026-03-22T07:20:31.9970Z</time>
   </trkpt>
   <trkpt lat="45.998513" lon="18.688538">
    <ele>90</ele>
    <time>2026-03-22T07:20:35.9970Z</time>
   </trkpt>
   <trkpt lat="45.998476" lon="18.688610">
    <ele>90</ele>
    <time>2026-03-22T07:20:40.9960Z</time>
   </trkpt>
   <trkpt lat="45.998424" lon="18.688638">
    <ele>90</ele>
    <time>2026-03-22T07:20:46.9990Z</time>
   </trkpt>
   <trkpt lat="45.998389" lon="18.688683">
    <ele>90</ele>
    <time>2026-03-22T07:20:52.0010Z</time>
   </trkpt>
   <trkpt lat="45.998359" lon="18.688732">
    <ele>89</ele>
    <time>2026-03-22T07:20:55.0000Z</time>
   </trkpt>
   <trkpt lat="45.998313" lon="18.688773">
    <ele>90</ele>
    <time>2026-03-22T07:21:00.0000Z</time>
   </trkpt>
   <trkpt lat="45.998262" lon="18.688824">
    <ele>90</ele>
    <time>2026-03-22T07:21:05.9990Z</time>
   </trkpt>
   <trkpt lat="45.998209" lon="18.688847">
    <ele>90</ele>
    <time>2026-03-22T07:21:10.0000Z</time>
   </trkpt>
   <trkpt lat="45.998154" lon="18.688882">
    <ele>91</ele>
    <time>2026-03-22T07:21:15.9980Z</time>
   </trkpt>
   <trkpt lat="45.998125" lon="18.688937">
    <ele>93</ele>
    <time>2026-03-22T07:21:23.0030Z</time>
   </trkpt>
   <trkpt lat="45.998110" lon="18.688996">
    <ele>94</ele>
    <time>2026-03-22T07:21:26.0010Z</time>
   </trkpt>
   <trkpt lat="45.998132" lon="18.689078">
    <ele>92</ele>
    <time>2026-03-22T07:21:29.0020Z</time>
   </trkpt>
   <trkpt lat="45.998113" lon="18.689142">
    <ele>91</ele>
    <time>2026-03-22T07:21:32.9980Z</time>
   </trkpt>
   <trkpt lat="45.998075" lon="18.689207">
    <ele>90</ele>
    <time>2026-03-22T07:21:37.0020Z</time>
   </trkpt>
   <trkpt lat="45.998034" lon="18.689249">
    <ele>90</ele>
    <time>2026-03-22T07:21:40.0040Z</time>
   </trkpt>
   <trkpt lat="45.997990" lon="18.689303">
    <ele>89</ele>
    <time>2026-03-22T07:21:45.0030Z</time>
   </trkpt>
   <trkpt lat="45.997956" lon="18.689345">
    <ele>89</ele>
    <time>2026-03-22T07:21:48.9980Z</time>
   </trkpt>
   <trkpt lat="45.997913" lon="18.689379">
    <ele>89</ele>
    <time>2026-03-22T07:21:54.0020Z</time>
   </trkpt>
   <trkpt lat="45.997876" lon="18.689414">
    <ele>90</ele>
    <time>2026-03-22T07:21:57.0030Z</time>
   </trkpt>
   <trkpt lat="45.997835" lon="18.689462">
    <ele>90</ele>
    <time>2026-03-22T07:22:01.9990Z</time>
   </trkpt>
   <trkpt lat="45.997800" lon="18.689512">
    <ele>90</ele>
    <time>2026-03-22T07:22:05.9980Z</time>
   </trkpt>
   <trkpt lat="45.997760" lon="18.689556">
    <ele>90</ele>
    <time>2026-03-22T07:22:10.0010Z</time>
   </trkpt>
   <trkpt lat="45.997727" lon="18.689598">
    <ele>90</ele>
    <time>2026-03-22T07:22:14.0020Z</time>
   </trkpt>
   <trkpt lat="45.997695" lon="18.689646">
    <ele>90</ele>
    <time>2026-03-22T07:22:16.9970Z</time>
   </trkpt>
   <trkpt lat="45.997652" lon="18.689688">
    <ele>90</ele>
    <time>2026-03-22T07:22:20.9950Z</time>
   </trkpt>
   <trkpt lat="45.997615" lon="18.689745">
    <ele>90</ele>
    <time>2026-03-22T07:22:25.0050Z</time>
   </trkpt>
   <trkpt lat="45.997571" lon="18.689784">
    <ele>90</ele>
    <time>2026-03-22T07:22:29.0030Z</time>
   </trkpt>
   <trkpt lat="45.997528" lon="18.689828">
    <ele>90</ele>
    <time>2026-03-22T07:22:44.0030Z</time>
   </trkpt>
   <trkpt lat="45.997485" lon="18.689855">
    <ele>89</ele>
    <time>2026-03-22T07:22:48.0010Z</time>
   </trkpt>
   <trkpt lat="45.997450" lon="18.689894">
    <ele>89</ele>
    <time>2026-03-22T07:22:51.0030Z</time>
   </trkpt>
   <trkpt lat="45.997404" lon="18.689939">
    <ele>89</ele>
    <time>2026-03-22T07:22:57.0010Z</time>
   </trkpt>
   <trkpt lat="45.997347" lon="18.689976">
    <ele>89</ele>
    <time>2026-03-22T07:23:01.0010Z</time>
   </trkpt>
   <trkpt lat="45.997309" lon="18.690018">
    <ele>89</ele>
    <time>2026-03-22T07:23:06.0120Z</time>
   </trkpt>
   <trkpt lat="45.997271" lon="18.690059">
    <ele>89</ele>
    <time>2026-03-22T07:23:10.0080Z</time>
   </trkpt>
   <trkpt lat="45.997228" lon="18.690117">
    <ele>89</ele>
    <time>2026-03-22T07:23:15.0100Z</time>
   </trkpt>
   <trkpt lat="45.997185" lon="18.690160">
    <ele>89</ele>
    <time>2026-03-22T07:23:19.0060Z</time>
   </trkpt>
   <trkpt lat="45.997129" lon="18.690207">
    <ele>89</ele>
    <time>2026-03-22T07:23:24.0060Z</time>
   </trkpt>
   <trkpt lat="45.997082" lon="18.690254">
    <ele>88</ele>
    <time>2026-03-22T07:23:29.0060Z</time>
   </trkpt>
   <trkpt lat="45.997040" lon="18.690308">
    <ele>89</ele>
    <time>2026-03-22T07:23:34.0040Z</time>
   </trkpt>
   <trkpt lat="45.997005" lon="18.690351">
    <ele>89</ele>
    <time>2026-03-22T07:23:38.0090Z</time>
   </trkpt>
   <trkpt lat="45.996967" lon="18.690395">
    <ele>90</ele>
    <time>2026-03-22T07:23:42.0090Z</time>
   </trkpt>
   <trkpt lat="45.996933" lon="18.690439">
    <ele>90</ele>
    <time>2026-03-22T07:23:46.0100Z</time>
   </trkpt>
   <trkpt lat="45.996888" lon="18.690490">
    <ele>91</ele>
    <time>2026-03-22T07:23:50.0100Z</time>
   </trkpt>
   <trkpt lat="45.996832" lon="18.690531">
    <ele>90</ele>
    <time>2026-03-22T07:23:55.0070Z</time>
   </trkpt>
   <trkpt lat="45.996790" lon="18.690570">
    <ele>90</ele>
    <time>2026-03-22T07:23:59.0070Z</time>
   </trkpt>
   <trkpt lat="45.996745" lon="18.690618">
    <ele>90</ele>
    <time>2026-03-22T07:24:04.0050Z</time>
   </trkpt>
   <trkpt lat="45.996703" lon="18.690655">
    <ele>89</ele>
    <time>2026-03-22T07:24:08.0050Z</time>
   </trkpt>
   <trkpt lat="45.996650" lon="18.690705">
    <ele>90</ele>
    <time>2026-03-22T07:24:13.0060Z</time>
   </trkpt>
   <trkpt lat="45.996607" lon="18.690754">
    <ele>90</ele>
    <time>2026-03-22T07:24:18.0040Z</time>
   </trkpt>
   <trkpt lat="45.996564" lon="18.690786">
    <ele>90</ele>
    <time>2026-03-22T07:24:22.0050Z</time>
   </trkpt>
   <trkpt lat="45.996525" lon="18.690829">
    <ele>90</ele>
    <time>2026-03-22T07:24:26.0010Z</time>
   </trkpt>
   <trkpt lat="45.996482" lon="18.690872">
    <ele>89</ele>
    <time>2026-03-22T07:24:31.0050Z</time>
   </trkpt>
   <trkpt lat="45.996440" lon="18.690922">
    <ele>90</ele>
    <time>2026-03-22T07:24:35.0090Z</time>
   </trkpt>
   <trkpt lat="45.996394" lon="18.690972">
    <ele>90</ele>
    <time>2026-03-22T07:24:40.0050Z</time>
   </trkpt>
   <trkpt lat="45.996352" lon="18.691015">
    <ele>90</ele>
    <time>2026-03-22T07:24:44.0040Z</time>
   </trkpt>
   <trkpt lat="45.996304" lon="18.691060">
    <ele>90</ele>
    <time>2026-03-22T07:24:49.0010Z</time>
   </trkpt>
   <trkpt lat="45.996259" lon="18.691095">
    <ele>90</ele>
    <time>2026-03-22T07:24:53.0050Z</time>
   </trkpt>
   <trkpt lat="45.996224" lon="18.691136">
    <ele>90</ele>
    <time>2026-03-22T07:24:57.0070Z</time>
   </trkpt>
   <trkpt lat="45.996186" lon="18.691189">
    <ele>90</ele>
    <time>2026-03-22T07:25:01.0040Z</time>
   </trkpt>
   <trkpt lat="45.996141" lon="18.691234">
    <ele>90</ele>
    <time>2026-03-22T07:25:06.0040Z</time>
   </trkpt>
   <trkpt lat="45.996100" lon="18.691278">
    <ele>89</ele>
    <time>2026-03-22T07:25:10.0050Z</time>
   </trkpt>
   <trkpt lat="45.996059" lon="18.691313">
    <ele>90</ele>
    <time>2026-03-22T07:25:15.0060Z</time>
   </trkpt>
   <trkpt lat="45.996017" lon="18.691355">
    <ele>90</ele>
    <time>2026-03-22T07:25:19.0060Z</time>
   </trkpt>
   <trkpt lat="45.995979" lon="18.691388">
    <ele>90</ele>
    <time>2026-03-22T07:25:23.0070Z</time>
   </trkpt>
   <trkpt lat="45.995937" lon="18.691441">
    <ele>89</ele>
    <time>2026-03-22T07:25:27.0050Z</time>
   </trkpt>
   <trkpt lat="45.995894" lon="18.691473">
    <ele>90</ele>
    <time>2026-03-22T07:25:32.0070Z</time>
   </trkpt>
   <trkpt lat="45.995851" lon="18.691516">
    <ele>89</ele>
    <time>2026-03-22T07:25:36.0070Z</time>
   </trkpt>
   <trkpt lat="45.995801" lon="18.691558">
    <ele>88</ele>
    <time>2026-03-22T07:25:40.0090Z</time>
   </trkpt>
   <trkpt lat="45.995757" lon="18.691608">
    <ele>89</ele>
    <time>2026-03-22T07:25:46.0100Z</time>
   </trkpt>
   <trkpt lat="45.995714" lon="18.691662">
    <ele>89</ele>
    <time>2026-03-22T07:25:50.0070Z</time>
   </trkpt>
   <trkpt lat="45.995669" lon="18.691704">
    <ele>89</ele>
    <time>2026-03-22T07:25:55.0080Z</time>
   </trkpt>
   <trkpt lat="45.995628" lon="18.691746">
    <ele>89</ele>
    <time>2026-03-22T07:25:59.0070Z</time>
   </trkpt>
   <trkpt lat="45.995588" lon="18.691792">
    <ele>89</ele>
    <time>2026-03-22T07:26:03.0050Z</time>
   </trkpt>
   <trkpt lat="45.995544" lon="18.691820">
    <ele>89</ele>
    <time>2026-03-22T07:26:07.0070Z</time>
   </trkpt>
   <trkpt lat="45.995507" lon="18.691859">
    <ele>89</ele>
    <time>2026-03-22T07:26:11.0080Z</time>
   </trkpt>
   <trkpt lat="45.995466" lon="18.691899">
    <ele>89</ele>
    <time>2026-03-22T07:26:15.0080Z</time>
   </trkpt>
   <trkpt lat="45.995415" lon="18.691942">
    <ele>89</ele>
    <time>2026-03-22T07:26:20.0060Z</time>
   </trkpt>
   <trkpt lat="45.995376" lon="18.691984">
    <ele>89</ele>
    <time>2026-03-22T07:26:25.0090Z</time>
   </trkpt>
   <trkpt lat="45.995334" lon="18.692026">
    <ele>88</ele>
    <time>2026-03-22T07:26:29.0090Z</time>
   </trkpt>
   <trkpt lat="45.995289" lon="18.692070">
    <ele>88</ele>
    <time>2026-03-22T07:26:35.0060Z</time>
   </trkpt>
   <trkpt lat="45.995240" lon="18.692112">
    <ele>88</ele>
    <time>2026-03-22T07:26:39.0100Z</time>
   </trkpt>
   <trkpt lat="45.995194" lon="18.692151">
    <ele>88</ele>
    <time>2026-03-22T07:26:44.0090Z</time>
   </trkpt>
   <trkpt lat="45.995157" lon="18.692186">
    <ele>88</ele>
    <time>2026-03-22T07:26:47.0100Z</time>
   </trkpt>
   <trkpt lat="45.995112" lon="18.692224">
    <ele>88</ele>
    <time>2026-03-22T07:26:52.0050Z</time>
   </trkpt>
   <trkpt lat="45.995068" lon="18.692266">
    <ele>88</ele>
    <time>2026-03-22T07:26:56.0110Z</time>
   </trkpt>
   <trkpt lat="45.995027" lon="18.692308">
    <ele>88</ele>
    <time>2026-03-22T07:27:01.0060Z</time>
   </trkpt>
   <trkpt lat="45.994984" lon="18.692359">
    <ele>88</ele>
    <time>2026-03-22T07:27:05.0110Z</time>
   </trkpt>
   <trkpt lat="45.994942" lon="18.692394">
    <ele>89</ele>
    <time>2026-03-22T07:27:10.0100Z</time>
   </trkpt>
   <trkpt lat="45.994908" lon="18.692446">
    <ele>89</ele>
    <time>2026-03-22T07:27:14.0070Z</time>
   </trkpt>
   <trkpt lat="45.994863" lon="18.692491">
    <ele>89</ele>
    <time>2026-03-22T07:27:19.0070Z</time>
   </trkpt>
   <trkpt lat="45.994815" lon="18.692529">
    <ele>89</ele>
    <time>2026-03-22T07:27:23.0050Z</time>
   </trkpt>
   <trkpt lat="45.994772" lon="18.692559">
    <ele>88</ele>
    <time>2026-03-22T07:27:27.0120Z</time>
   </trkpt>
   <trkpt lat="45.994736" lon="18.692605">
    <ele>89</ele>
    <time>2026-03-22T07:27:32.0050Z</time>
   </trkpt>
   <trkpt lat="45.994691" lon="18.692652">
    <ele>89</ele>
    <time>2026-03-22T07:27:37.0050Z</time>
   </trkpt>
   <trkpt lat="45.994653" lon="18.692694">
    <ele>89</ele>
    <time>2026-03-22T07:27:41.0090Z</time>
   </trkpt>
   <trkpt lat="45.994604" lon="18.692732">
    <ele>89</ele>
    <time>2026-03-22T07:27:45.0070Z</time>
   </trkpt>
   <trkpt lat="45.994554" lon="18.692776">
    <ele>89</ele>
    <time>2026-03-22T07:27:50.0090Z</time>
   </trkpt>
   <trkpt lat="45.994504" lon="18.692820">
    <ele>89</ele>
    <time>2026-03-22T07:27:55.0110Z</time>
   </trkpt>
   <trkpt lat="45.994464" lon="18.692866">
    <ele>89</ele>
    <time>2026-03-22T07:27:59.0080Z</time>
   </trkpt>
   <trkpt lat="45.994425" lon="18.692901">
    <ele>88</ele>
    <time>2026-03-22T07:28:03.0150Z</time>
   </trkpt>
   <trkpt lat="45.994378" lon="18.692942">
    <ele>88</ele>
    <time>2026-03-22T07:28:07.0100Z</time>
   </trkpt>
   <trkpt lat="45.994316" lon="18.692989">
    <ele>89</ele>
    <time>2026-03-22T07:28:12.0100Z</time>
   </trkpt>
   <trkpt lat="45.994279" lon="18.693029">
    <ele>89</ele>
    <time>2026-03-22T07:28:17.0110Z</time>
   </trkpt>
   <trkpt lat="45.994238" lon="18.693063">
    <ele>89</ele>
    <time>2026-03-22T07:28:20.0090Z</time>
   </trkpt>
   <trkpt lat="45.994193" lon="18.693114">
    <ele>90</ele>
    <time>2026-03-22T07:28:26.0120Z</time>
   </trkpt>
   <trkpt lat="45.994156" lon="18.693153">
    <ele>89</ele>
    <time>2026-03-22T07:28:31.0080Z</time>
   </trkpt>
   <trkpt lat="45.994116" lon="18.693191">
    <ele>89</ele>
    <time>2026-03-22T07:28:36.0110Z</time>
   </trkpt>
   <trkpt lat="45.994067" lon="18.693226">
    <ele>89</ele>
    <time>2026-03-22T07:28:40.0080Z</time>
   </trkpt>
   <trkpt lat="45.994020" lon="18.693270">
    <ele>89</ele>
    <time>2026-03-22T07:28:45.0090Z</time>
   </trkpt>
   <trkpt lat="45.993977" lon="18.693298">
    <ele>89</ele>
    <time>2026-03-22T07:28:49.0130Z</time>
   </trkpt>
   <trkpt lat="45.993940" lon="18.693343">
    <ele>89</ele>
    <time>2026-03-22T07:28:53.0110Z</time>
   </trkpt>
   <trkpt lat="45.993909" lon="18.693392">
    <ele>90</ele>
    <time>2026-03-22T07:28:57.0110Z</time>
   </trkpt>
   <trkpt lat="45.993864" lon="18.693424">
    <ele>90</ele>
    <time>2026-03-22T07:29:02.0120Z</time>
   </trkpt>
   <trkpt lat="45.993823" lon="18.693458">
    <ele>90</ele>
    <time>2026-03-22T07:29:05.0120Z</time>
   </trkpt>
   <trkpt lat="45.993782" lon="18.693493">
    <ele>89</ele>
    <time>2026-03-22T07:29:10.0060Z</time>
   </trkpt>
   <trkpt lat="45.993733" lon="18.693532">
    <ele>89</ele>
    <time>2026-03-22T07:29:14.0130Z</time>
   </trkpt>
   <trkpt lat="45.993699" lon="18.693575">
    <ele>89</ele>
    <time>2026-03-22T07:29:18.0090Z</time>
   </trkpt>
   <trkpt lat="45.993647" lon="18.693615">
    <ele>89</ele>
    <time>2026-03-22T07:29:23.0090Z</time>
   </trkpt>
   <trkpt lat="45.993605" lon="18.693650">
    <ele>89</ele>
    <time>2026-03-22T07:29:27.0120Z</time>
   </trkpt>
   <trkpt lat="45.993573" lon="18.693690">
    <ele>90</ele>
    <time>2026-03-22T07:29:32.0090Z</time>
   </trkpt>
   <trkpt lat="45.993530" lon="18.693719">
    <ele>89</ele>
    <time>2026-03-22T07:29:36.0100Z</time>
   </trkpt>
   <trkpt lat="45.993484" lon="18.693768">
    <ele>89</ele>
    <time>2026-03-22T07:29:41.0100Z</time>
   </trkpt>
   <trkpt lat="45.993440" lon="18.693818">
    <ele>89</ele>
    <time>2026-03-22T07:29:46.0110Z</time>
   </trkpt>
   <trkpt lat="45.993391" lon="18.693842">
    <ele>89</ele>
    <time>2026-03-22T07:29:50.0070Z</time>
   </trkpt>
   <trkpt lat="45.993345" lon="18.693872">
    <ele>89</ele>
    <time>2026-03-22T07:29:55.0130Z</time>
   </trkpt>
   <trkpt lat="45.993292" lon="18.693895">
    <ele>89</ele>
    <time>2026-03-22T07:29:59.0140Z</time>
   </trkpt>
   <trkpt lat="45.993263" lon="18.693952">
    <ele>90</ele>
    <time>2026-03-22T07:30:04.0180Z</time>
   </trkpt>
   <trkpt lat="45.993231" lon="18.694016">
    <ele>89</ele>
    <time>2026-03-22T07:30:08.0120Z</time>
   </trkpt>
   <trkpt lat="45.993195" lon="18.694060">
    <ele>89</ele>
    <time>2026-03-22T07:30:12.0120Z</time>
   </trkpt>
   <trkpt lat="45.993163" lon="18.694110">
    <ele>90</ele>
    <time>2026-03-22T07:30:16.0160Z</time>
   </trkpt>
   <trkpt lat="45.993124" lon="18.694167">
    <ele>91</ele>
    <time>2026-03-22T07:30:20.0120Z</time>
   </trkpt>
   <trkpt lat="45.993088" lon="18.694225">
    <ele>91</ele>
    <time>2026-03-22T07:30:25.0150Z</time>
   </trkpt>
   <trkpt lat="45.993053" lon="18.694268">
    <ele>91</ele>
    <time>2026-03-22T07:30:29.0100Z</time>
   </trkpt>
   <trkpt lat="45.993008" lon="18.694285">
    <ele>90</ele>
    <time>2026-03-22T07:30:33.0150Z</time>
   </trkpt>
   <trkpt lat="45.992958" lon="18.694318">
    <ele>90</ele>
    <time>2026-03-22T07:30:37.0090Z</time>
   </trkpt>
   <trkpt lat="45.992917" lon="18.694353">
    <ele>90</ele>
    <time>2026-03-22T07:30:41.0100Z</time>
   </trkpt>
   <trkpt lat="45.992881" lon="18.694397">
    <ele>90</ele>
    <time>2026-03-22T07:30:45.0110Z</time>
   </trkpt>
   <trkpt lat="45.992836" lon="18.694442">
    <ele>90</ele>
    <time>2026-03-22T07:30:49.0150Z</time>
   </trkpt>
   <trkpt lat="45.992797" lon="18.694500">
    <ele>90</ele>
    <time>2026-03-22T07:30:54.0160Z</time>
   </trkpt>
   <trkpt lat="45.992759" lon="18.694540">
    <ele>90</ele>
    <time>2026-03-22T07:30:58.0140Z</time>
   </trkpt>
   <trkpt lat="45.992715" lon="18.694602">
    <ele>91</ele>
    <time>2026-03-22T07:31:03.0120Z</time>
   </trkpt>
   <trkpt lat="45.992672" lon="18.694644">
    <ele>90</ele>
    <time>2026-03-22T07:31:07.0170Z</time>
   </trkpt>
   <trkpt lat="45.992615" lon="18.694701">
    <ele>90</ele>
    <time>2026-03-22T07:31:12.0180Z</time>
   </trkpt>
   <trkpt lat="45.992582" lon="18.694751">
    <ele>90</ele>
    <time>2026-03-22T07:31:17.0130Z</time>
   </trkpt>
   <trkpt lat="45.992537" lon="18.694796">
    <ele>90</ele>
    <time>2026-03-22T07:31:21.0130Z</time>
   </trkpt>
   <trkpt lat="45.992502" lon="18.694841">
    <ele>92</ele>
    <time>2026-03-22T07:31:26.0090Z</time>
   </trkpt>
   <trkpt lat="45.992467" lon="18.694890">
    <ele>91</ele>
    <time>2026-03-22T07:31:29.0140Z</time>
   </trkpt>
   <trkpt lat="45.992418" lon="18.694933">
    <ele>92</ele>
    <time>2026-03-22T07:31:34.0120Z</time>
   </trkpt>
   <trkpt lat="45.992363" lon="18.694978">
    <ele>92</ele>
    <time>2026-03-22T07:31:40.0150Z</time>
   </trkpt>
   <trkpt lat="45.992325" lon="18.695026">
    <ele>91</ele>
    <time>2026-03-22T07:31:45.0130Z</time>
   </trkpt>
   <trkpt lat="45.992281" lon="18.695079">
    <ele>91</ele>
    <time>2026-03-22T07:31:50.0140Z</time>
   </trkpt>
   <trkpt lat="45.992243" lon="18.695120">
    <ele>90</ele>
    <time>2026-03-22T07:31:54.0150Z</time>
   </trkpt>
   <trkpt lat="45.992212" lon="18.695166">
    <ele>92</ele>
    <time>2026-03-22T07:31:58.0160Z</time>
   </trkpt>
   <trkpt lat="45.992173" lon="18.695205">
    <ele>91</ele>
    <time>2026-03-22T07:32:02.0140Z</time>
   </trkpt>
   <trkpt lat="45.992133" lon="18.695246">
    <ele>92</ele>
    <time>2026-03-22T07:32:06.0200Z</time>
   </trkpt>
   <trkpt lat="45.992087" lon="18.695302">
    <ele>91</ele>
    <time>2026-03-22T07:32:11.0160Z</time>
   </trkpt>
   <trkpt lat="45.992053" lon="18.695347">
    <ele>92</ele>
    <time>2026-03-22T07:32:15.0180Z</time>
   </trkpt>
   <trkpt lat="45.992018" lon="18.695382">
    <ele>90</ele>
    <time>2026-03-22T07:32:19.0150Z</time>
   </trkpt>
   <trkpt lat="45.991976" lon="18.695423">
    <ele>90</ele>
    <time>2026-03-22T07:32:24.0170Z</time>
   </trkpt>
   <trkpt lat="45.991936" lon="18.695468">
    <ele>91</ele>
    <time>2026-03-22T07:32:28.0170Z</time>
   </trkpt>
   <trkpt lat="45.991895" lon="18.695501">
    <ele>91</ele>
    <time>2026-03-22T07:32:32.0140Z</time>
   </trkpt>
   <trkpt lat="45.991860" lon="18.695561">
    <ele>92</ele>
    <time>2026-03-22T07:32:38.0160Z</time>
   </trkpt>
   <trkpt lat="45.991814" lon="18.695612">
    <ele>91</ele>
    <time>2026-03-22T07:32:42.0170Z</time>
   </trkpt>
   <trkpt lat="45.991777" lon="18.695649">
    <ele>90</ele>
    <time>2026-03-22T07:32:46.0170Z</time>
   </trkpt>
   <trkpt lat="45.991734" lon="18.695714">
    <ele>91</ele>
    <time>2026-03-22T07:32:51.0140Z</time>
   </trkpt>
   <trkpt lat="45.991695" lon="18.695753">
    <ele>90</ele>
    <time>2026-03-22T07:32:55.0150Z</time>
   </trkpt>
   <trkpt lat="45.991656" lon="18.695794">
    <ele>91</ele>
    <time>2026-03-22T07:32:59.0180Z</time>
   </trkpt>
   <trkpt lat="45.991610" lon="18.695837">
    <ele>91</ele>
    <time>2026-03-22T07:33:04.0170Z</time>
   </trkpt>
   <trkpt lat="45.991578" lon="18.695885">
    <ele>91</ele>
    <time>2026-03-22T07:33:08.0170Z</time>
   </trkpt>
   <trkpt lat="45.991530" lon="18.695922">
    <ele>91</ele>
    <time>2026-03-22T07:33:12.0170Z</time>
   </trkpt>
   <trkpt lat="45.991486" lon="18.695962">
    <ele>91</ele>
    <time>2026-03-22T07:33:17.0170Z</time>
   </trkpt>
   <trkpt lat="45.991436" lon="18.695996">
    <ele>91</ele>
    <time>2026-03-22T07:33:21.0180Z</time>
   </trkpt>
   <trkpt lat="45.991386" lon="18.696037">
    <ele>90</ele>
    <time>2026-03-22T07:33:26.0200Z</time>
   </trkpt>
   <trkpt lat="45.991340" lon="18.696067">
    <ele>90</ele>
    <time>2026-03-22T07:33:30.0160Z</time>
   </trkpt>
   <trkpt lat="45.991302" lon="18.696101">
    <ele>89</ele>
    <time>2026-03-22T07:33:34.0170Z</time>
   </trkpt>
   <trkpt lat="45.991246" lon="18.696140">
    <ele>89</ele>
    <time>2026-03-22T07:33:38.0170Z</time>
   </trkpt>
   <trkpt lat="45.991197" lon="18.696174">
    <ele>89</ele>
    <time>2026-03-22T07:33:44.0150Z</time>
   </trkpt>
   <trkpt lat="45.991152" lon="18.696206">
    <ele>90</ele>
    <time>2026-03-22T07:33:48.0190Z</time>
   </trkpt>
   <trkpt lat="45.991109" lon="18.696244">
    <ele>90</ele>
    <time>2026-03-22T07:33:52.0150Z</time>
   </trkpt>
   <trkpt lat="45.991063" lon="18.696268">
    <ele>90</ele>
    <time>2026-03-22T07:33:56.0180Z</time>
   </trkpt>
   <trkpt lat="45.991017" lon="18.696308">
    <ele>90</ele>
    <time>2026-03-22T07:34:01.0200Z</time>
   </trkpt>
   <trkpt lat="45.990976" lon="18.696336">
    <ele>90</ele>
    <time>2026-03-22T07:34:05.0140Z</time>
   </trkpt>
   <trkpt lat="45.990929" lon="18.696358">
    <ele>89</ele>
    <time>2026-03-22T07:34:09.0170Z</time>
   </trkpt>
   <trkpt lat="45.990881" lon="18.696388">
    <ele>90</ele>
    <time>2026-03-22T07:34:13.0140Z</time>
   </trkpt>
   <trkpt lat="45.990828" lon="18.696420">
    <ele>90</ele>
    <time>2026-03-22T07:34:18.0160Z</time>
   </trkpt>
   <trkpt lat="45.990781" lon="18.696453">
    <ele>90</ele>
    <time>2026-03-22T07:34:22.0150Z</time>
   </trkpt>
   <trkpt lat="45.990725" lon="18.696487">
    <ele>90</ele>
    <time>2026-03-22T07:34:27.0200Z</time>
   </trkpt>
   <trkpt lat="45.990683" lon="18.696522">
    <ele>90</ele>
    <time>2026-03-22T07:34:31.0200Z</time>
   </trkpt>
   <trkpt lat="45.990629" lon="18.696551">
    <ele>90</ele>
    <time>2026-03-22T07:34:36.0190Z</time>
   </trkpt>
   <trkpt lat="45.990587" lon="18.696582">
    <ele>90</ele>
    <time>2026-03-22T07:34:40.0180Z</time>
   </trkpt>
   <trkpt lat="45.990538" lon="18.696611">
    <ele>90</ele>
    <time>2026-03-22T07:34:44.0200Z</time>
   </trkpt>
   <trkpt lat="45.990496" lon="18.696648">
    <ele>90</ele>
    <time>2026-03-22T07:34:48.0180Z</time>
   </trkpt>
   <trkpt lat="45.990455" lon="18.696680">
    <ele>90</ele>
    <time>2026-03-22T07:34:52.0170Z</time>
   </trkpt>
   <trkpt lat="45.990400" lon="18.696716">
    <ele>90</ele>
    <time>2026-03-22T07:34:56.0180Z</time>
   </trkpt>
   <trkpt lat="45.990345" lon="18.696751">
    <ele>91</ele>
    <time>2026-03-22T07:35:01.0150Z</time>
   </trkpt>
   <trkpt lat="45.990301" lon="18.696776">
    <ele>90</ele>
    <time>2026-03-22T07:35:06.0160Z</time>
   </trkpt>
   <trkpt lat="45.990256" lon="18.696808">
    <ele>91</ele>
    <time>2026-03-22T07:35:09.0200Z</time>
   </trkpt>
   <trkpt lat="45.990210" lon="18.696832">
    <ele>90</ele>
    <time>2026-03-22T07:35:13.0230Z</time>
   </trkpt>
   <trkpt lat="45.990170" lon="18.696867">
    <ele>91</ele>
    <time>2026-03-22T07:35:19.0250Z</time>
   </trkpt>
   <trkpt lat="45.990125" lon="18.696891">
    <ele>90</ele>
    <time>2026-03-22T07:35:22.0210Z</time>
   </trkpt>
   <trkpt lat="45.990066" lon="18.696917">
    <ele>90</ele>
    <time>2026-03-22T07:35:27.0210Z</time>
   </trkpt>
   <trkpt lat="45.990011" lon="18.696929">
    <ele>91</ele>
    <time>2026-03-22T07:35:32.0210Z</time>
   </trkpt>
   <trkpt lat="45.989965" lon="18.696952">
    <ele>90</ele>
    <time>2026-03-22T07:35:37.0220Z</time>
   </trkpt>
   <trkpt lat="45.989915" lon="18.696966">
    <ele>90</ele>
    <time>2026-03-22T07:35:42.0250Z</time>
   </trkpt>
   <trkpt lat="45.989867" lon="18.696975">
    <ele>90</ele>
    <time>2026-03-22T07:35:45.0230Z</time>
   </trkpt>
   <trkpt lat="45.989812" lon="18.696981">
    <ele>90</ele>
    <time>2026-03-22T07:35:50.0250Z</time>
   </trkpt>
   <trkpt lat="45.989760" lon="18.696995">
    <ele>91</ele>
    <time>2026-03-22T07:35:54.0230Z</time>
   </trkpt>
   <trkpt lat="45.989713" lon="18.696995">
    <ele>90</ele>
    <time>2026-03-22T07:35:58.0220Z</time>
   </trkpt>
   <trkpt lat="45.989661" lon="18.697015">
    <ele>90</ele>
    <time>2026-03-22T07:36:03.0190Z</time>
   </trkpt>
   <trkpt lat="45.989617" lon="18.697034">
    <ele>89</ele>
    <time>2026-03-22T07:36:07.0250Z</time>
   </trkpt>
   <trkpt lat="45.989574" lon="18.697065">
    <ele>90</ele>
    <time>2026-03-22T07:36:11.0230Z</time>
   </trkpt>
   <trkpt lat="45.989534" lon="18.697090">
    <ele>89</ele>
    <time>2026-03-22T07:36:14.0210Z</time>
   </trkpt>
   <trkpt lat="45.989490" lon="18.697117">
    <ele>89</ele>
    <time>2026-03-22T07:36:17.0230Z</time>
   </trkpt>
   <trkpt lat="45.989430" lon="18.697151">
    <ele>89</ele>
    <time>2026-03-22T07:36:24.0180Z</time>
   </trkpt>
   <trkpt lat="45.989390" lon="18.697193">
    <ele>90</ele>
    <time>2026-03-22T07:36:28.0230Z</time>
   </trkpt>
   <trkpt lat="45.989345" lon="18.697229">
    <ele>91</ele>
    <time>2026-03-22T07:36:33.0210Z</time>
   </trkpt>
   <trkpt lat="45.989305" lon="18.697263">
    <ele>91</ele>
    <time>2026-03-22T07:36:37.0210Z</time>
   </trkpt>
   <trkpt lat="45.989257" lon="18.697293">
    <ele>90</ele>
    <time>2026-03-22T07:36:41.0180Z</time>
   </trkpt>
   <trkpt lat="45.989217" lon="18.697323">
    <ele>90</ele>
    <time>2026-03-22T07:36:45.0260Z</time>
   </trkpt>
   <trkpt lat="45.989173" lon="18.697347">
    <ele>90</ele>
    <time>2026-03-22T07:36:49.0240Z</time>
   </trkpt>
   <trkpt lat="45.989125" lon="18.697369">
    <ele>90</ele>
    <time>2026-03-22T07:36:54.0190Z</time>
   </trkpt>
   <trkpt lat="45.989075" lon="18.697402">
    <ele>90</ele>
    <time>2026-03-22T07:36:58.0220Z</time>
   </trkpt>
   <trkpt lat="45.989032" lon="18.697434">
    <ele>91</ele>
    <time>2026-03-22T07:37:03.0260Z</time>
   </trkpt>
   <trkpt lat="45.988990" lon="18.697467">
    <ele>91</ele>
    <time>2026-03-22T07:37:06.0190Z</time>
   </trkpt>
   <trkpt lat="45.988948" lon="18.697499">
    <ele>90</ele>
    <time>2026-03-22T07:37:11.0280Z</time>
   </trkpt>
   <trkpt lat="45.988902" lon="18.697535">
    <ele>90</ele>
    <time>2026-03-22T07:37:15.0230Z</time>
   </trkpt>
   <trkpt lat="45.988846" lon="18.697572">
    <ele>91</ele>
    <time>2026-03-22T07:37:21.0250Z</time>
   </trkpt>
   <trkpt lat="45.988802" lon="18.697615">
    <ele>90</ele>
    <time>2026-03-22T07:38:26.0220Z</time>
   </trkpt>
   <trkpt lat="45.988765" lon="18.697649">
    <ele>91</ele>
    <time>2026-03-22T07:38:30.0240Z</time>
   </trkpt>
   <trkpt lat="45.988716" lon="18.697658">
    <ele>90</ele>
    <time>2026-03-22T07:38:34.0240Z</time>
   </trkpt>
   <trkpt lat="45.988679" lon="18.697702">
    <ele>90</ele>
    <time>2026-03-22T07:38:38.0230Z</time>
   </trkpt>
   <trkpt lat="45.988630" lon="18.697724">
    <ele>91</ele>
    <time>2026-03-22T07:38:43.0260Z</time>
   </trkpt>
   <trkpt lat="45.988584" lon="18.697768">
    <ele>91</ele>
    <time>2026-03-22T07:38:47.0250Z</time>
   </trkpt>
   <trkpt lat="45.988539" lon="18.697796">
    <ele>92</ele>
    <time>2026-03-22T07:38:52.0230Z</time>
   </trkpt>
   <trkpt lat="45.988504" lon="18.697838">
    <ele>92</ele>
    <time>2026-03-22T07:38:56.0260Z</time>
   </trkpt>
   <trkpt lat="45.988459" lon="18.697867">
    <ele>91</ele>
    <time>2026-03-22T07:39:00.0270Z</time>
   </trkpt>
   <trkpt lat="45.988409" lon="18.697891">
    <ele>91</ele>
    <time>2026-03-22T07:39:05.0290Z</time>
   </trkpt>
   <trkpt lat="45.988364" lon="18.697926">
    <ele>91</ele>
    <time>2026-03-22T07:39:09.0260Z</time>
   </trkpt>
   <trkpt lat="45.988325" lon="18.697960">
    <ele>91</ele>
    <time>2026-03-22T07:39:13.0290Z</time>
   </trkpt>
   <trkpt lat="45.988285" lon="18.697999">
    <ele>91</ele>
    <time>2026-03-22T07:39:17.0280Z</time>
   </trkpt>
   <trkpt lat="45.988242" lon="18.698030">
    <ele>91</ele>
    <time>2026-03-22T07:39:21.0300Z</time>
   </trkpt>
   <trkpt lat="45.988200" lon="18.698058">
    <ele>91</ele>
    <time>2026-03-22T07:39:25.0250Z</time>
   </trkpt>
   <trkpt lat="45.988156" lon="18.698094">
    <ele>91</ele>
    <time>2026-03-22T07:39:31.0250Z</time>
   </trkpt>
   <trkpt lat="45.988107" lon="18.698126">
    <ele>91</ele>
    <time>2026-03-22T07:39:35.0270Z</time>
   </trkpt>
   <trkpt lat="45.988060" lon="18.698152">
    <ele>91</ele>
    <time>2026-03-22T07:39:40.0270Z</time>
   </trkpt>
   <trkpt lat="45.988009" lon="18.698187">
    <ele>91</ele>
    <time>2026-03-22T07:39:45.0290Z</time>
   </trkpt>
   <trkpt lat="45.987961" lon="18.698217">
    <ele>91</ele>
    <time>2026-03-22T07:39:49.0250Z</time>
   </trkpt>
   <trkpt lat="45.987922" lon="18.698252">
    <ele>91</ele>
    <time>2026-03-22T07:39:53.0300Z</time>
   </trkpt>
   <trkpt lat="45.987885" lon="18.698297">
    <ele>91</ele>
    <time>2026-03-22T07:39:57.0290Z</time>
   </trkpt>
   <trkpt lat="45.987841" lon="18.698332">
    <ele>92</ele>
    <time>2026-03-22T07:40:01.0270Z</time>
   </trkpt>
   <trkpt lat="45.987796" lon="18.698352">
    <ele>91</ele>
    <time>2026-03-22T07:40:05.0250Z</time>
   </trkpt>
   <trkpt lat="45.987752" lon="18.698373">
    <ele>91</ele>
    <time>2026-03-22T07:40:09.0270Z</time>
   </trkpt>
   <trkpt lat="45.987713" lon="18.698406">
    <ele>92</ele>
    <time>2026-03-22T07:40:13.0260Z</time>
   </trkpt>
   <trkpt lat="45.987668" lon="18.698434">
    <ele>92</ele>
    <time>2026-03-22T07:40:18.0310Z</time>
   </trkpt>
   <trkpt lat="45.987623" lon="18.698476">
    <ele>91</ele>
    <time>2026-03-22T07:40:23.0310Z</time>
   </trkpt>
   <trkpt lat="45.987581" lon="18.698525">
    <ele>91</ele>
    <time>2026-03-22T07:40:29.0260Z</time>
   </trkpt>
   <trkpt lat="45.987538" lon="18.698553">
    <ele>91</ele>
    <time>2026-03-22T07:40:33.0290Z</time>
   </trkpt>
   <trkpt lat="45.987491" lon="18.698597">
    <ele>92</ele>
    <time>2026-03-22T07:40:39.0290Z</time>
   </trkpt>
   <trkpt lat="45.987448" lon="18.698624">
    <ele>91</ele>
    <time>2026-03-22T07:40:43.0310Z</time>
   </trkpt>
   <trkpt lat="45.987408" lon="18.698653">
    <ele>91</ele>
    <time>2026-03-22T07:40:47.0290Z</time>
   </trkpt>
   <trkpt lat="45.987353" lon="18.698688">
    <ele>91</ele>
    <time>2026-03-22T07:40:52.0280Z</time>
   </trkpt>
   <trkpt lat="45.987305" lon="18.698719">
    <ele>91</ele>
    <time>2026-03-22T07:40:57.0290Z</time>
   </trkpt>
   <trkpt lat="45.987265" lon="18.698747">
    <ele>91</ele>
    <time>2026-03-22T07:41:01.0280Z</time>
   </trkpt>
   <trkpt lat="45.987218" lon="18.698777">
    <ele>92</ele>
    <time>2026-03-22T07:41:05.0330Z</time>
   </trkpt>
   <trkpt lat="45.987174" lon="18.698814">
    <ele>91</ele>
    <time>2026-03-22T07:41:09.0280Z</time>
   </trkpt>
   <trkpt lat="45.987132" lon="18.698846">
    <ele>91</ele>
    <time>2026-03-22T07:41:13.0300Z</time>
   </trkpt>
   <trkpt lat="45.987083" lon="18.698866">
    <ele>91</ele>
    <time>2026-03-22T07:41:18.0280Z</time>
   </trkpt>
   <trkpt lat="45.987035" lon="18.698893">
    <ele>91</ele>
    <time>2026-03-22T07:41:22.0290Z</time>
   </trkpt>
   <trkpt lat="45.986985" lon="18.698930">
    <ele>91</ele>
    <time>2026-03-22T07:41:26.0320Z</time>
   </trkpt>
   <trkpt lat="45.986944" lon="18.698966">
    <ele>91</ele>
    <time>2026-03-22T07:41:31.0320Z</time>
   </trkpt>
   <trkpt lat="45.986895" lon="18.698994">
    <ele>91</ele>
    <time>2026-03-22T07:41:35.0310Z</time>
   </trkpt>
   <trkpt lat="45.986853" lon="18.699028">
    <ele>91</ele>
    <time>2026-03-22T07:41:39.0330Z</time>
   </trkpt>
   <trkpt lat="45.986814" lon="18.699059">
    <ele>91</ele>
    <time>2026-03-22T07:41:43.0330Z</time>
   </trkpt>
   <trkpt lat="45.986772" lon="18.699088">
    <ele>91</ele>
    <time>2026-03-22T07:41:47.0330Z</time>
   </trkpt>
   <trkpt lat="45.986724" lon="18.699120">
    <ele>91</ele>
    <time>2026-03-22T07:41:52.0310Z</time>
   </trkpt>
   <trkpt lat="45.986682" lon="18.699154">
    <ele>92</ele>
    <time>2026-03-22T07:41:56.0300Z</time>
   </trkpt>
   <trkpt lat="45.986642" lon="18.699179">
    <ele>91</ele>
    <time>2026-03-22T07:42:00.0300Z</time>
   </trkpt>
   <trkpt lat="45.986598" lon="18.699203">
    <ele>92</ele>
    <time>2026-03-22T07:42:04.0300Z</time>
   </trkpt>
   <trkpt lat="45.986557" lon="18.699235">
    <ele>91</ele>
    <time>2026-03-22T07:42:09.0340Z</time>
   </trkpt>
   <trkpt lat="45.986516" lon="18.699261">
    <ele>91</ele>
    <time>2026-03-22T07:42:14.0310Z</time>
   </trkpt>
   <trkpt lat="45.986471" lon="18.699293">
    <ele>91</ele>
    <time>2026-03-22T07:42:19.0310Z</time>
   </trkpt>
   <trkpt lat="45.986423" lon="18.699317">
    <ele>91</ele>
    <time>2026-03-22T07:42:24.0320Z</time>
   </trkpt>
   <trkpt lat="45.986377" lon="18.699352">
    <ele>91</ele>
    <time>2026-03-22T07:42:29.0260Z</time>
   </trkpt>
   <trkpt lat="45.986327" lon="18.699380">
    <ele>91</ele>
    <time>2026-03-22T07:42:34.0360Z</time>
   </trkpt>
   <trkpt lat="45.986284" lon="18.699407">
    <ele>91</ele>
    <time>2026-03-22T07:42:38.0320Z</time>
   </trkpt>
   <trkpt lat="45.986236" lon="18.699446">
    <ele>91</ele>
    <time>2026-03-22T07:42:43.0300Z</time>
   </trkpt>
   <trkpt lat="45.986187" lon="18.699476">
    <ele>91</ele>
    <time>2026-03-22T07:42:48.0310Z</time>
   </trkpt>
   <trkpt lat="45.986142" lon="18.699497">
    <ele>91</ele>
    <time>2026-03-22T07:42:52.0290Z</time>
   </trkpt>
   <trkpt lat="45.986095" lon="18.699543">
    <ele>91</ele>
    <time>2026-03-22T07:42:57.0350Z</time>
   </trkpt>
   <trkpt lat="45.986044" lon="18.699580">
    <ele>92</ele>
    <time>2026-03-22T07:43:02.0330Z</time>
   </trkpt>
   <trkpt lat="45.985997" lon="18.699602">
    <ele>92</ele>
    <time>2026-03-22T07:43:06.0340Z</time>
   </trkpt>
   <trkpt lat="45.985942" lon="18.699646">
    <ele>92</ele>
    <time>2026-03-22T07:43:11.0300Z</time>
   </trkpt>
   <trkpt lat="45.985894" lon="18.699678">
    <ele>92</ele>
    <time>2026-03-22T07:43:16.0300Z</time>
   </trkpt>
   <trkpt lat="45.985845" lon="18.699729">
    <ele>92</ele>
    <time>2026-03-22T07:43:21.0320Z</time>
   </trkpt>
   <trkpt lat="45.985803" lon="18.699757">
    <ele>91</ele>
    <time>2026-03-22T07:43:25.0310Z</time>
   </trkpt>
   <trkpt lat="45.985757" lon="18.699782">
    <ele>90</ele>
    <time>2026-03-22T07:43:29.0330Z</time>
   </trkpt>
   <trkpt lat="45.985707" lon="18.699813">
    <ele>91</ele>
    <time>2026-03-22T07:43:34.0350Z</time>
   </trkpt>
   <trkpt lat="45.985656" lon="18.699840">
    <ele>91</ele>
    <time>2026-03-22T07:43:39.0300Z</time>
   </trkpt>
   <trkpt lat="45.985610" lon="18.699858">
    <ele>91</ele>
    <time>2026-03-22T07:43:43.0340Z</time>
   </trkpt>
   <trkpt lat="45.985563" lon="18.699892">
    <ele>91</ele>
    <time>2026-03-22T07:43:48.0290Z</time>
   </trkpt>
   <trkpt lat="45.985528" lon="18.699930">
    <ele>92</ele>
    <time>2026-03-22T07:43:52.0330Z</time>
   </trkpt>
   <trkpt lat="45.985491" lon="18.699964">
    <ele>91</ele>
    <time>2026-03-22T07:43:56.0310Z</time>
   </trkpt>
   <trkpt lat="45.985440" lon="18.699996">
    <ele>91</ele>
    <time>2026-03-22T07:44:01.0340Z</time>
   </trkpt>
   <trkpt lat="45.985396" lon="18.700035">
    <ele>91</ele>
    <time>2026-03-22T07:44:06.0350Z</time>
   </trkpt>
   <trkpt lat="45.985349" lon="18.700074">
    <ele>91</ele>
    <time>2026-03-22T07:44:11.0360Z</time>
   </trkpt>
   <trkpt lat="45.985299" lon="18.700103">
    <ele>91</ele>
    <time>2026-03-22T07:44:16.0330Z</time>
   </trkpt>
   <trkpt lat="45.985252" lon="18.700131">
    <ele>92</ele>
    <time>2026-03-22T07:44:21.0340Z</time>
   </trkpt>
   <trkpt lat="45.985206" lon="18.700153">
    <ele>91</ele>
    <time>2026-03-22T07:44:25.0350Z</time>
   </trkpt>
   <trkpt lat="45.985164" lon="18.700195">
    <ele>92</ele>
    <time>2026-03-22T07:44:29.0300Z</time>
   </trkpt>
   <trkpt lat="45.985115" lon="18.700225">
    <ele>91</ele>
    <time>2026-03-22T07:44:34.0350Z</time>
   </trkpt>
   <trkpt lat="45.985062" lon="18.700246">
    <ele>92</ele>
    <time>2026-03-22T07:44:39.0310Z</time>
   </trkpt>
   <trkpt lat="45.985021" lon="18.700271">
    <ele>92</ele>
    <time>2026-03-22T07:44:43.0410Z</time>
   </trkpt>
   <trkpt lat="45.984982" lon="18.700308">
    <ele>91</ele>
    <time>2026-03-22T07:44:47.0330Z</time>
   </trkpt>
   <trkpt lat="45.984933" lon="18.700340">
    <ele>91</ele>
    <time>2026-03-22T07:44:52.0350Z</time>
   </trkpt>
   <trkpt lat="45.984892" lon="18.700378">
    <ele>91</ele>
    <time>2026-03-22T07:44:56.0340Z</time>
   </trkpt>
   <trkpt lat="45.984854" lon="18.700407">
    <ele>91</ele>
    <time>2026-03-22T07:45:00.0350Z</time>
   </trkpt>
   <trkpt lat="45.984805" lon="18.700436">
    <ele>91</ele>
    <time>2026-03-22T07:45:04.0310Z</time>
   </trkpt>
   <trkpt lat="45.984762" lon="18.700472">
    <ele>90</ele>
    <time>2026-03-22T07:45:08.0370Z</time>
   </trkpt>
   <trkpt lat="45.984719" lon="18.700509">
    <ele>90</ele>
    <time>2026-03-22T07:45:12.0360Z</time>
   </trkpt>
   <trkpt lat="45.984675" lon="18.700548">
    <ele>90</ele>
    <time>2026-03-22T07:45:17.0320Z</time>
   </trkpt>
   <trkpt lat="45.984635" lon="18.700595">
    <ele>90</ele>
    <time>2026-03-22T07:45:22.0360Z</time>
   </trkpt>
   <trkpt lat="45.984591" lon="18.700634">
    <ele>90</ele>
    <time>2026-03-22T07:45:27.0400Z</time>
   </trkpt>
   <trkpt lat="45.984558" lon="18.700680">
    <ele>90</ele>
    <time>2026-03-22T07:45:31.0310Z</time>
   </trkpt>
   <trkpt lat="45.984515" lon="18.700729">
    <ele>90</ele>
    <time>2026-03-22T07:45:36.0380Z</time>
   </trkpt>
   <trkpt lat="45.984476" lon="18.700763">
    <ele>90</ele>
    <time>2026-03-22T07:45:40.0360Z</time>
   </trkpt>
   <trkpt lat="45.984434" lon="18.700796">
    <ele>90</ele>
    <time>2026-03-22T07:45:44.0360Z</time>
   </trkpt>
   <trkpt lat="45.984402" lon="18.700844">
    <ele>90</ele>
    <time>2026-03-22T07:45:48.0330Z</time>
   </trkpt>
   <trkpt lat="45.984365" lon="18.700879">
    <ele>90</ele>
    <time>2026-03-22T07:45:52.0350Z</time>
   </trkpt>
   <trkpt lat="45.984327" lon="18.700916">
    <ele>90</ele>
    <time>2026-03-22T07:45:56.0380Z</time>
   </trkpt>
   <trkpt lat="45.984281" lon="18.700968">
    <ele>90</ele>
    <time>2026-03-22T07:46:01.0380Z</time>
   </trkpt>
   <trkpt lat="45.984239" lon="18.700994">
    <ele>90</ele>
    <time>2026-03-22T07:46:05.0360Z</time>
   </trkpt>
   <trkpt lat="45.984204" lon="18.701040">
    <ele>90</ele>
    <time>2026-03-22T07:46:09.0380Z</time>
   </trkpt>
   <trkpt lat="45.984165" lon="18.701076">
    <ele>90</ele>
    <time>2026-03-22T07:46:13.0370Z</time>
   </trkpt>
   <trkpt lat="45.984123" lon="18.701119">
    <ele>90</ele>
    <time>2026-03-22T07:46:18.0350Z</time>
   </trkpt>
   <trkpt lat="45.984086" lon="18.701164">
    <ele>90</ele>
    <time>2026-03-22T07:46:22.0400Z</time>
   </trkpt>
   <trkpt lat="45.984039" lon="18.701214">
    <ele>90</ele>
    <time>2026-03-22T07:46:27.0390Z</time>
   </trkpt>
   <trkpt lat="45.983999" lon="18.701257">
    <ele>90</ele>
    <time>2026-03-22T07:46:32.0410Z</time>
   </trkpt>
   <trkpt lat="45.983957" lon="18.701301">
    <ele>90</ele>
    <time>2026-03-22T07:46:36.0390Z</time>
   </trkpt>
   <trkpt lat="45.983913" lon="18.701350">
    <ele>91</ele>
    <time>2026-03-22T07:46:41.0470Z</time>
   </trkpt>
   <trkpt lat="45.983872" lon="18.701396">
    <ele>91</ele>
    <time>2026-03-22T07:46:46.0360Z</time>
   </trkpt>
   <trkpt lat="45.983831" lon="18.701435">
    <ele>92</ele>
    <time>2026-03-22T07:46:50.0360Z</time>
   </trkpt>
   <trkpt lat="45.983787" lon="18.701485">
    <ele>91</ele>
    <time>2026-03-22T07:46:55.0390Z</time>
   </trkpt>
   <trkpt lat="45.983738" lon="18.701526">
    <ele>91</ele>
    <time>2026-03-22T07:47:00.0400Z</time>
   </trkpt>
   <trkpt lat="45.983708" lon="18.701582">
    <ele>91</ele>
    <time>2026-03-22T07:47:04.0370Z</time>
   </trkpt>
   <trkpt lat="45.983670" lon="18.701623">
    <ele>91</ele>
    <time>2026-03-22T07:47:08.0380Z</time>
   </trkpt>
   <trkpt lat="45.983629" lon="18.701672">
    <ele>91</ele>
    <time>2026-03-22T07:47:13.0500Z</time>
   </trkpt>
   <trkpt lat="45.983593" lon="18.701713">
    <ele>91</ele>
    <time>2026-03-22T07:47:17.0390Z</time>
   </trkpt>
   <trkpt lat="45.983546" lon="18.701757">
    <ele>93</ele>
    <time>2026-03-22T07:47:22.0390Z</time>
   </trkpt>
   <trkpt lat="45.983506" lon="18.701798">
    <ele>93</ele>
    <time>2026-03-22T07:47:27.0400Z</time>
   </trkpt>
   <trkpt lat="45.983467" lon="18.701833">
    <ele>93</ele>
    <time>2026-03-22T07:47:31.0380Z</time>
   </trkpt>
   <trkpt lat="45.983428" lon="18.701870">
    <ele>93</ele>
    <time>2026-03-22T07:47:35.0400Z</time>
   </trkpt>
   <trkpt lat="45.983377" lon="18.701914">
    <ele>93</ele>
    <time>2026-03-22T07:47:40.0390Z</time>
   </trkpt>
   <trkpt lat="45.983341" lon="18.701964">
    <ele>93</ele>
    <time>2026-03-22T07:47:45.0380Z</time>
   </trkpt>
   <trkpt lat="45.983292" lon="18.702005">
    <ele>93</ele>
    <time>2026-03-22T07:47:50.0400Z</time>
   </trkpt>
   <trkpt lat="45.983247" lon="18.702052">
    <ele>94</ele>
    <time>2026-03-22T07:47:55.0370Z</time>
   </trkpt>
   <trkpt lat="45.983209" lon="18.702086">
    <ele>93</ele>
    <time>2026-03-22T07:47:59.0390Z</time>
   </trkpt>
   <trkpt lat="45.983170" lon="18.702122">
    <ele>93</ele>
    <time>2026-03-22T07:48:03.0390Z</time>
   </trkpt>
   <trkpt lat="45.983125" lon="18.702166">
    <ele>93</ele>
    <time>2026-03-22T07:48:08.0390Z</time>
   </trkpt>
   <trkpt lat="45.983081" lon="18.702212">
    <ele>94</ele>
    <time>2026-03-22T07:48:13.0380Z</time>
   </trkpt>
   <trkpt lat="45.983044" lon="18.702245">
    <ele>94</ele>
    <time>2026-03-22T07:48:17.0390Z</time>
   </trkpt>
   <trkpt lat="45.983003" lon="18.702290">
    <ele>94</ele>
    <time>2026-03-22T07:48:22.0370Z</time>
   </trkpt>
   <trkpt lat="45.982956" lon="18.702337">
    <ele>93</ele>
    <time>2026-03-22T07:48:27.0360Z</time>
   </trkpt>
   <trkpt lat="45.982904" lon="18.702373">
    <ele>94</ele>
    <time>2026-03-22T07:48:32.0360Z</time>
   </trkpt>
   <trkpt lat="45.982863" lon="18.702410">
    <ele>95</ele>
    <time>2026-03-22T07:48:37.0420Z</time>
   </trkpt>
   <trkpt lat="45.982831" lon="18.702454">
    <ele>94</ele>
    <time>2026-03-22T07:48:41.0420Z</time>
   </trkpt>
   <trkpt lat="45.982791" lon="18.702488">
    <ele>94</ele>
    <time>2026-03-22T07:48:46.0370Z</time>
   </trkpt>
   <trkpt lat="45.982748" lon="18.702503">
    <ele>94</ele>
    <time>2026-03-22T07:48:50.0410Z</time>
   </trkpt>
   <trkpt lat="45.982705" lon="18.702543">
    <ele>94</ele>
    <time>2026-03-22T07:48:54.0400Z</time>
   </trkpt>
   <trkpt lat="45.982657" lon="18.702577">
    <ele>93</ele>
    <time>2026-03-22T07:48:59.0400Z</time>
   </trkpt>
   <trkpt lat="45.982614" lon="18.702613">
    <ele>93</ele>
    <time>2026-03-22T07:49:05.0410Z</time>
   </trkpt>
   <trkpt lat="45.982568" lon="18.702647">
    <ele>93</ele>
    <time>2026-03-22T07:49:11.0380Z</time>
   </trkpt>
   <trkpt lat="45.982530" lon="18.702689">
    <ele>93</ele>
    <time>2026-03-22T07:49:15.0400Z</time>
   </trkpt>
   <trkpt lat="45.982483" lon="18.702733">
    <ele>93</ele>
    <time>2026-03-22T07:49:20.0410Z</time>
   </trkpt>
   <trkpt lat="45.982441" lon="18.702765">
    <ele>92</ele>
    <time>2026-03-22T07:49:24.0410Z</time>
   </trkpt>
   <trkpt lat="45.982398" lon="18.702799">
    <ele>91</ele>
    <time>2026-03-22T07:49:28.0410Z</time>
   </trkpt>
   <trkpt lat="45.982357" lon="18.702830">
    <ele>92</ele>
    <time>2026-03-22T07:49:33.0380Z</time>
   </trkpt>
   <trkpt lat="45.982317" lon="18.702865">
    <ele>92</ele>
    <time>2026-03-22T07:49:37.0400Z</time>
   </trkpt>
   <trkpt lat="45.982271" lon="18.702894">
    <ele>92</ele>
    <time>2026-03-22T07:49:42.0420Z</time>
   </trkpt>
   <trkpt lat="45.982228" lon="18.702920">
    <ele>93</ele>
    <time>2026-03-22T07:49:47.0400Z</time>
   </trkpt>
   <trkpt lat="45.982183" lon="18.702948">
    <ele>93</ele>
    <time>2026-03-22T07:49:51.0420Z</time>
   </trkpt>
   <trkpt lat="45.982138" lon="18.702985">
    <ele>92</ele>
    <time>2026-03-22T07:49:56.0400Z</time>
   </trkpt>
   <trkpt lat="45.982095" lon="18.703013">
    <ele>93</ele>
    <time>2026-03-22T07:50:00.0410Z</time>
   </trkpt>
   <trkpt lat="45.982057" lon="18.703050">
    <ele>94</ele>
    <time>2026-03-22T07:50:04.0440Z</time>
   </trkpt>
   <trkpt lat="45.982010" lon="18.703083">
    <ele>93</ele>
    <time>2026-03-22T07:50:08.0420Z</time>
   </trkpt>
   <trkpt lat="45.981970" lon="18.703116">
    <ele>93</ele>
    <time>2026-03-22T07:50:13.0410Z</time>
   </trkpt>
   <trkpt lat="45.981924" lon="18.703143">
    <ele>94</ele>
    <time>2026-03-22T07:50:17.0420Z</time>
   </trkpt>
   <trkpt lat="45.981880" lon="18.703172">
    <ele>94</ele>
    <time>2026-03-22T07:50:21.0400Z</time>
   </trkpt>
   <trkpt lat="45.981839" lon="18.703203">
    <ele>94</ele>
    <time>2026-03-22T07:50:25.0420Z</time>
   </trkpt>
   <trkpt lat="45.981787" lon="18.703230">
    <ele>94</ele>
    <time>2026-03-22T07:50:30.0420Z</time>
   </trkpt>
   <trkpt lat="45.981735" lon="18.703251">
    <ele>94</ele>
    <time>2026-03-22T07:50:35.0450Z</time>
   </trkpt>
   <trkpt lat="45.981680" lon="18.703266">
    <ele>94</ele>
    <time>2026-03-22T07:50:39.0420Z</time>
   </trkpt>
   <trkpt lat="45.981629" lon="18.703288">
    <ele>94</ele>
    <time>2026-03-22T07:50:44.0420Z</time>
   </trkpt>
   <trkpt lat="45.981571" lon="18.703312">
    <ele>93</ele>
    <time>2026-03-22T07:50:49.0400Z</time>
   </trkpt>
   <trkpt lat="45.981527" lon="18.703323">
    <ele>94</ele>
    <time>2026-03-22T07:50:53.0420Z</time>
   </trkpt>
   <trkpt lat="45.981480" lon="18.703328">
    <ele>93</ele>
    <time>2026-03-22T07:50:57.0390Z</time>
   </trkpt>
   <trkpt lat="45.981436" lon="18.703334">
    <ele>93</ele>
    <time>2026-03-22T07:51:01.0420Z</time>
   </trkpt>
   <trkpt lat="45.981383" lon="18.703340">
    <ele>94</ele>
    <time>2026-03-22T07:51:06.0540Z</time>
   </trkpt>
   <trkpt lat="45.981330" lon="18.703343">
    <ele>93</ele>
    <time>2026-03-22T07:51:10.0460Z</time>
   </trkpt>
   <trkpt lat="45.981279" lon="18.703357">
    <ele>94</ele>
    <time>2026-03-22T07:51:15.0440Z</time>
   </trkpt>
   <trkpt lat="45.981232" lon="18.703373">
    <ele>94</ele>
    <time>2026-03-22T07:51:19.0440Z</time>
   </trkpt>
   <trkpt lat="45.981179" lon="18.703399">
    <ele>94</ele>
    <time>2026-03-22T07:51:24.0440Z</time>
   </trkpt>
   <trkpt lat="45.981129" lon="18.703425">
    <ele>93</ele>
    <time>2026-03-22T07:51:29.0470Z</time>
   </trkpt>
   <trkpt lat="45.981080" lon="18.703457">
    <ele>93</ele>
    <time>2026-03-22T07:51:34.0460Z</time>
   </trkpt>
   <trkpt lat="45.981028" lon="18.703483">
    <ele>94</ele>
    <time>2026-03-22T07:51:39.0450Z</time>
   </trkpt>
   <trkpt lat="45.980981" lon="18.703519">
    <ele>94</ele>
    <time>2026-03-22T07:51:44.0450Z</time>
   </trkpt>
   <trkpt lat="45.980939" lon="18.703552">
    <ele>93</ele>
    <time>2026-03-22T07:51:48.0410Z</time>
   </trkpt>
   <trkpt lat="45.980887" lon="18.703587">
    <ele>93</ele>
    <time>2026-03-22T07:51:53.0470Z</time>
   </trkpt>
   <trkpt lat="45.980846" lon="18.703612">
    <ele>93</ele>
    <time>2026-03-22T07:51:57.0430Z</time>
   </trkpt>
   <trkpt lat="45.980799" lon="18.703639">
    <ele>94</ele>
    <time>2026-03-22T07:52:01.0490Z</time>
   </trkpt>
   <trkpt lat="45.980754" lon="18.703676">
    <ele>93</ele>
    <time>2026-03-22T07:52:05.0460Z</time>
   </trkpt>
   <trkpt lat="45.980712" lon="18.703707">
    <ele>93</ele>
    <time>2026-03-22T07:52:10.0470Z</time>
   </trkpt>
   <trkpt lat="45.980675" lon="18.703741">
    <ele>93</ele>
    <time>2026-03-22T07:52:14.0460Z</time>
   </trkpt>
   <trkpt lat="45.980634" lon="18.703771">
    <ele>93</ele>
    <time>2026-03-22T07:52:18.0440Z</time>
   </trkpt>
   <trkpt lat="45.980593" lon="18.703807">
    <ele>94</ele>
    <time>2026-03-22T07:52:23.0450Z</time>
   </trkpt>
   <trkpt lat="45.980550" lon="18.703840">
    <ele>94</ele>
    <time>2026-03-22T07:52:28.0460Z</time>
   </trkpt>
   <trkpt lat="45.980509" lon="18.703870">
    <ele>93</ele>
    <time>2026-03-22T07:52:32.0480Z</time>
   </trkpt>
   <trkpt lat="45.980463" lon="18.703902">
    <ele>93</ele>
    <time>2026-03-22T07:52:36.0470Z</time>
   </trkpt>
   <trkpt lat="45.980416" lon="18.703931">
    <ele>93</ele>
    <time>2026-03-22T07:52:40.0470Z</time>
   </trkpt>
   <trkpt lat="45.980374" lon="18.703965">
    <ele>93</ele>
    <time>2026-03-22T07:52:44.0480Z</time>
   </trkpt>
   <trkpt lat="45.980335" lon="18.704001">
    <ele>91</ele>
    <time>2026-03-22T07:52:48.0460Z</time>
   </trkpt>
   <trkpt lat="45.980286" lon="18.704007">
    <ele>89</ele>
    <time>2026-03-22T07:52:53.0440Z</time>
   </trkpt>
   <trkpt lat="45.980253" lon="18.704049">
    <ele>89</ele>
    <time>2026-03-22T07:52:57.0470Z</time>
   </trkpt>
   <trkpt lat="45.980208" lon="18.704087">
    <ele>90</ele>
    <time>2026-03-22T07:53:02.0470Z</time>
   </trkpt>
   <trkpt lat="45.980170" lon="18.704125">
    <ele>90</ele>
    <time>2026-03-22T07:53:06.0450Z</time>
   </trkpt>
   <trkpt lat="45.980131" lon="18.704162">
    <ele>90</ele>
    <time>2026-03-22T07:53:10.0450Z</time>
   </trkpt>
   <trkpt lat="45.980080" lon="18.704204">
    <ele>91</ele>
    <time>2026-03-22T07:53:15.0470Z</time>
   </trkpt>
   <trkpt lat="45.980031" lon="18.704237">
    <ele>90</ele>
    <time>2026-03-22T07:53:21.0490Z</time>
   </trkpt>
   <trkpt lat="45.979987" lon="18.704273">
    <ele>92</ele>
    <time>2026-03-22T07:53:26.0480Z</time>
   </trkpt>
   <trkpt lat="45.979938" lon="18.704309">
    <ele>92</ele>
    <time>2026-03-22T07:53:31.0490Z</time>
   </trkpt>
   <trkpt lat="45.979895" lon="18.704342">
    <ele>92</ele>
    <time>2026-03-22T07:53:36.0480Z</time>
   </trkpt>
   <trkpt lat="45.979852" lon="18.704380">
    <ele>92</ele>
    <time>2026-03-22T07:53:40.0460Z</time>
   </trkpt>
   <trkpt lat="45.979809" lon="18.704411">
    <ele>92</ele>
    <time>2026-03-22T07:53:44.0480Z</time>
   </trkpt>
   <trkpt lat="45.979764" lon="18.704433">
    <ele>92</ele>
    <time>2026-03-22T07:53:48.0470Z</time>
   </trkpt>
   <trkpt lat="45.979725" lon="18.704469">
    <ele>93</ele>
    <time>2026-03-22T07:53:52.0480Z</time>
   </trkpt>
   <trkpt lat="45.979683" lon="18.704496">
    <ele>93</ele>
    <time>2026-03-22T07:53:56.0490Z</time>
   </trkpt>
   <trkpt lat="45.979642" lon="18.704538">
    <ele>92</ele>
    <time>2026-03-22T07:54:01.0470Z</time>
   </trkpt>
   <trkpt lat="45.979598" lon="18.704572">
    <ele>93</ele>
    <time>2026-03-22T07:54:05.0490Z</time>
   </trkpt>
   <trkpt lat="45.979556" lon="18.704605">
    <ele>93</ele>
    <time>2026-03-22T07:54:09.0490Z</time>
   </trkpt>
   <trkpt lat="45.979515" lon="18.704638">
    <ele>93</ele>
    <time>2026-03-22T07:54:13.0480Z</time>
   </trkpt>
   <trkpt lat="45.979470" lon="18.704671">
    <ele>93</ele>
    <time>2026-03-22T07:54:18.0490Z</time>
   </trkpt>
   <trkpt lat="45.979427" lon="18.704704">
    <ele>94</ele>
    <time>2026-03-22T07:54:22.0480Z</time>
   </trkpt>
   <trkpt lat="45.979388" lon="18.704739">
    <ele>94</ele>
    <time>2026-03-22T07:54:26.0470Z</time>
   </trkpt>
   <trkpt lat="45.979352" lon="18.704780">
    <ele>94</ele>
    <time>2026-03-22T07:54:30.0500Z</time>
   </trkpt>
   <trkpt lat="45.979305" lon="18.704820">
    <ele>95</ele>
    <time>2026-03-22T07:54:35.0490Z</time>
   </trkpt>
   <trkpt lat="45.979260" lon="18.704849">
    <ele>94</ele>
    <time>2026-03-22T07:54:39.0520Z</time>
   </trkpt>
   <trkpt lat="45.979223" lon="18.704887">
    <ele>94</ele>
    <time>2026-03-22T07:54:43.0460Z</time>
   </trkpt>
   <trkpt lat="45.979172" lon="18.704931">
    <ele>93</ele>
    <time>2026-03-22T07:54:48.0480Z</time>
   </trkpt>
   <trkpt lat="45.979131" lon="18.704963">
    <ele>93</ele>
    <time>2026-03-22T07:54:52.0500Z</time>
   </trkpt>
   <trkpt lat="45.979089" lon="18.704991">
    <ele>93</ele>
    <time>2026-03-22T07:54:57.0500Z</time>
   </trkpt>
   <trkpt lat="45.979050" lon="18.705030">
    <ele>93</ele>
    <time>2026-03-22T07:55:01.0470Z</time>
   </trkpt>
   <trkpt lat="45.979005" lon="18.705068">
    <ele>92</ele>
    <time>2026-03-22T07:55:06.0480Z</time>
   </trkpt>
   <trkpt lat="45.978962" lon="18.705093">
    <ele>93</ele>
    <time>2026-03-22T07:55:11.0500Z</time>
   </trkpt>
   <trkpt lat="45.978920" lon="18.705144">
    <ele>93</ele>
    <time>2026-03-22T07:55:16.0490Z</time>
   </trkpt>
   <trkpt lat="45.978877" lon="18.705175">
    <ele>93</ele>
    <time>2026-03-22T07:55:22.0490Z</time>
   </trkpt>
   <trkpt lat="45.978834" lon="18.705220">
    <ele>93</ele>
    <time>2026-03-22T07:55:27.0500Z</time>
   </trkpt>
   <trkpt lat="45.978793" lon="18.705258">
    <ele>93</ele>
    <time>2026-03-22T07:55:31.0500Z</time>
   </trkpt>
   <trkpt lat="45.978750" lon="18.705296">
    <ele>94</ele>
    <time>2026-03-22T07:55:36.0520Z</time>
   </trkpt>
   <trkpt lat="45.978700" lon="18.705335">
    <ele>92</ele>
    <time>2026-03-22T07:55:41.0500Z</time>
   </trkpt>
   <trkpt lat="45.978662" lon="18.705373">
    <ele>92</ele>
    <time>2026-03-22T07:55:45.0500Z</time>
   </trkpt>
   <trkpt lat="45.978621" lon="18.705433">
    <ele>92</ele>
    <time>2026-03-22T07:55:50.0510Z</time>
   </trkpt>
   <trkpt lat="45.978635" lon="18.705495">
    <ele>93</ele>
    <time>2026-03-22T07:55:54.0500Z</time>
   </trkpt>
   <trkpt lat="45.978662" lon="18.705557">
    <ele>93</ele>
    <time>2026-03-22T07:55:59.0510Z</time>
   </trkpt>
   <trkpt lat="45.978679" lon="18.705617">
    <ele>93</ele>
    <time>2026-03-22T07:56:03.0480Z</time>
   </trkpt>
   <trkpt lat="45.978710" lon="18.705690">
    <ele>90</ele>
    <time>2026-03-22T07:56:09.0510Z</time>
   </trkpt>
   <trkpt lat="45.978728" lon="18.705754">
    <ele>89</ele>
    <time>2026-03-22T07:56:13.0470Z</time>
   </trkpt>
   <trkpt lat="45.978751" lon="18.705813">
    <ele>87</ele>
    <time>2026-03-22T07:56:17.0500Z</time>
   </trkpt>
   <trkpt lat="45.978784" lon="18.705873">
    <ele>87</ele>
    <time>2026-03-22T07:56:22.0500Z</time>
   </trkpt>
   <trkpt lat="45.978826" lon="18.705914">
    <ele>88</ele>
    <time>2026-03-22T07:56:26.0530Z</time>
   </trkpt>
   <trkpt lat="45.978854" lon="18.705972">
    <ele>88</ele>
    <time>2026-03-22T07:56:30.0490Z</time>
   </trkpt>
   <trkpt lat="45.978874" lon="18.706031">
    <ele>85</ele>
    <time>2026-03-22T07:56:34.0540Z</time>
   </trkpt>
   <trkpt lat="45.978895" lon="18.706092">
    <ele>84</ele>
    <time>2026-03-22T07:56:38.0500Z</time>
   </trkpt>
   <trkpt lat="45.978941" lon="18.706125">
    <ele>84</ele>
    <time>2026-03-22T07:56:42.0490Z</time>
   </trkpt>
   <trkpt lat="45.978993" lon="18.706138">
    <ele>82</ele>
    <time>2026-03-22T07:56:47.0510Z</time>
   </trkpt>
   <trkpt lat="45.979041" lon="18.706157">
    <ele>85</ele>
    <time>2026-03-22T07:56:56.0490Z</time>
   </trkpt>
   <trkpt lat="45.979070" lon="18.706216">
    <ele>86</ele>
    <time>2026-03-22T07:57:14.0500Z</time>
   </trkpt>
   <trkpt lat="45.979081" lon="18.706284">
    <ele>85</ele>
    <time>2026-03-22T07:57:19.0510Z</time>
   </trkpt>
   <trkpt lat="45.979123" lon="18.706336">
    <ele>85</ele>
    <time>2026-03-22T07:57:23.0520Z</time>
   </trkpt>
   <trkpt lat="45.979146" lon="18.706400">
    <ele>86</ele>
    <time>2026-03-22T07:57:29.0470Z</time>
   </trkpt>
   <trkpt lat="45.979164" lon="18.706462">
    <ele>87</ele>
    <time>2026-03-22T07:57:35.0470Z</time>
   </trkpt>
   <trkpt lat="45.979202" lon="18.706505">
    <ele>86</ele>
    <time>2026-03-22T07:57:41.0500Z</time>
   </trkpt>
   <trkpt lat="45.979219" lon="18.706567">
    <ele>86</ele>
    <time>2026-03-22T07:57:47.0510Z</time>
   </trkpt>
   <trkpt lat="45.979236" lon="18.706635">
    <ele>86</ele>
    <time>2026-03-22T07:57:52.0520Z</time>
   </trkpt>
   <trkpt lat="45.979265" lon="18.706695">
    <ele>87</ele>
    <time>2026-03-22T07:57:58.0530Z</time>
   </trkpt>
   <trkpt lat="45.979266" lon="18.706765">
    <ele>86</ele>
    <time>2026-03-22T07:58:03.0510Z</time>
   </trkpt>
   <trkpt lat="45.979283" lon="18.706835">
    <ele>86</ele>
    <time>2026-03-22T07:58:09.0510Z</time>
   </trkpt>
   <trkpt lat="45.979310" lon="18.706888">
    <ele>86</ele>
    <time>2026-03-22T07:58:14.0490Z</time>
   </trkpt>
   <trkpt lat="45.979326" lon="18.706968">
    <ele>86</ele>
    <time>2026-03-22T07:58:19.0460Z</time>
   </trkpt>
   <trkpt lat="45.979376" lon="18.707004">
    <ele>87</ele>
    <time>2026-03-22T07:58:25.0480Z</time>
   </trkpt>
   <trkpt lat="45.979425" lon="18.707050">
    <ele>87</ele>
    <time>2026-03-22T07:58:36.0520Z</time>
   </trkpt>
   <trkpt lat="45.979420" lon="18.707122">
    <ele>88</ele>
    <time>2026-03-22T07:58:46.0530Z</time>
   </trkpt>
   <trkpt lat="45.979436" lon="18.707198">
    <ele>88</ele>
    <time>2026-03-22T07:58:52.0520Z</time>
   </trkpt>
   <trkpt lat="45.979484" lon="18.707231">
    <ele>88</ele>
    <time>2026-03-22T07:58:58.0510Z</time>
   </trkpt>
   <trkpt lat="45.979519" lon="18.707291">
    <ele>89</ele>
    <time>2026-03-22T07:59:05.0520Z</time>
   </trkpt>
   <trkpt lat="45.979550" lon="18.707352">
    <ele>89</ele>
    <time>2026-03-22T07:59:11.0520Z</time>
   </trkpt>
   <trkpt lat="45.979570" lon="18.707429">
    <ele>91</ele>
    <time>2026-03-22T07:59:18.0510Z</time>
   </trkpt>
   <trkpt lat="45.979565" lon="18.707497">
    <ele>91</ele>
    <time>2026-03-22T07:59:24.0520Z</time>
   </trkpt>
   <trkpt lat="45.979569" lon="18.707572">
    <ele>88</ele>
    <time>2026-03-22T07:59:29.0530Z</time>
   </trkpt>
   <trkpt lat="45.979591" lon="18.707636">
    <ele>88</ele>
    <time>2026-03-22T07:59:34.0510Z</time>
   </trkpt>
   <trkpt lat="45.979645" lon="18.707668">
    <ele>88</ele>
    <time>2026-03-22T07:59:39.0520Z</time>
   </trkpt>
   <trkpt lat="45.979689" lon="18.707716">
    <ele>89</ele>
    <time>2026-03-22T07:59:44.0520Z</time>
   </trkpt>
   <trkpt lat="45.979707" lon="18.707779">
    <ele>89</ele>
    <time>2026-03-22T07:59:49.0530Z</time>
   </trkpt>
   <trkpt lat="45.979732" lon="18.707846">
    <ele>91</ele>
    <time>2026-03-22T07:59:53.0540Z</time>
   </trkpt>
   <trkpt lat="45.979769" lon="18.707914">
    <ele>91</ele>
    <time>2026-03-22T08:00:00.0560Z</time>
   </trkpt>
   <trkpt lat="45.979780" lon="18.707979">
    <ele>91</ele>
    <time>2026-03-22T08:00:05.0530Z</time>
   </trkpt>
   <trkpt lat="45.979823" lon="18.708020">
    <ele>91</ele>
    <time>2026-03-22T08:00:09.0570Z</time>
   </trkpt>
   <trkpt lat="45.979858" lon="18.708062">
    <ele>91</ele>
    <time>2026-03-22T08:00:13.0540Z</time>
   </trkpt>
   <trkpt lat="45.979906" lon="18.708093">
    <ele>90</ele>
    <time>2026-03-22T08:00:18.0550Z</time>
   </trkpt>
   <trkpt lat="45.979912" lon="18.708158">
    <ele>90</ele>
    <time>2026-03-22T08:00:23.0560Z</time>
   </trkpt>
   <trkpt lat="45.979915" lon="18.708230">
    <ele>91</ele>
    <time>2026-03-22T08:00:27.0560Z</time>
   </trkpt>
   <trkpt lat="45.979951" lon="18.708303">
    <ele>91</ele>
    <time>2026-03-22T08:00:34.0560Z</time>
   </trkpt>
   <trkpt lat="45.979990" lon="18.708350">
    <ele>90</ele>
    <time>2026-03-22T08:00:38.0570Z</time>
   </trkpt>
   <trkpt lat="45.980016" lon="18.708410">
    <ele>90</ele>
    <time>2026-03-22T08:00:43.0540Z</time>
   </trkpt>
   <trkpt lat="45.980041" lon="18.708476">
    <ele>90</ele>
    <time>2026-03-22T08:00:48.0540Z</time>
   </trkpt>
   <trkpt lat="45.980071" lon="18.708531">
    <ele>91</ele>
    <time>2026-03-22T08:00:53.0560Z</time>
   </trkpt>
   <trkpt lat="45.980094" lon="18.708602">
    <ele>92</ele>
    <time>2026-03-22T08:00:58.0560Z</time>
   </trkpt>
   <trkpt lat="45.980132" lon="18.708649">
    <ele>91</ele>
    <time>2026-03-22T08:01:03.0540Z</time>
   </trkpt>
   <trkpt lat="45.980171" lon="18.708710">
    <ele>91</ele>
    <time>2026-03-22T08:01:09.0550Z</time>
   </trkpt>
   <trkpt lat="45.980211" lon="18.708759">
    <ele>90</ele>
    <time>2026-03-22T08:01:17.0550Z</time>
   </trkpt>
   <trkpt lat="45.980245" lon="18.708815">
    <ele>90</ele>
    <time>2026-03-22T08:01:22.0570Z</time>
   </trkpt>
   <trkpt lat="45.980275" lon="18.708863">
    <ele>90</ele>
    <time>2026-03-22T08:01:25.0550Z</time>
   </trkpt>
   <trkpt lat="45.980291" lon="18.708929">
    <ele>91</ele>
    <time>2026-03-22T08:01:31.0550Z</time>
   </trkpt>
   <trkpt lat="45.980299" lon="18.709013">
    <ele>91</ele>
    <time>2026-03-22T08:01:40.0570Z</time>
   </trkpt>
   <trkpt lat="45.980339" lon="18.709064">
    <ele>89</ele>
    <time>2026-03-22T08:01:48.0570Z</time>
   </trkpt>
   <trkpt lat="45.980369" lon="18.709112">
    <ele>90</ele>
    <time>2026-03-22T08:01:52.0560Z</time>
   </trkpt>
   <trkpt lat="45.980408" lon="18.709171">
    <ele>91</ele>
    <time>2026-03-22T08:01:57.0560Z</time>
   </trkpt>
   <trkpt lat="45.980446" lon="18.709220">
    <ele>90</ele>
    <time>2026-03-22T08:02:12.0540Z</time>
   </trkpt>
   <trkpt lat="45.980495" lon="18.709270">
    <ele>90</ele>
    <time>2026-03-22T08:02:17.0590Z</time>
   </trkpt>
   <trkpt lat="45.980534" lon="18.709324">
    <ele>89</ele>
    <time>2026-03-22T08:02:23.0580Z</time>
   </trkpt>
   <trkpt lat="45.980555" lon="18.709382">
    <ele>88</ele>
    <time>2026-03-22T08:02:27.0540Z</time>
   </trkpt>
   <trkpt lat="45.980592" lon="18.709430">
    <ele>89</ele>
    <time>2026-03-22T08:02:31.0580Z</time>
   </trkpt>
   <trkpt lat="45.980630" lon="18.709492">
    <ele>90</ele>
    <time>2026-03-22T08:02:40.0640Z</time>
   </trkpt>
   <trkpt lat="45.980651" lon="18.709550">
    <ele>93</ele>
    <time>2026-03-22T08:03:03.0800Z</time>
   </trkpt>
   <trkpt lat="45.980658" lon="18.709625">
    <ele>93</ele>
    <time>2026-03-22T08:03:15.0560Z</time>
   </trkpt>
   <trkpt lat="45.980708" lon="18.709654">
    <ele>93</ele>
    <time>2026-03-22T08:03:23.0550Z</time>
   </trkpt>
   <trkpt lat="45.980744" lon="18.709721">
    <ele>93</ele>
    <time>2026-03-22T08:03:29.0590Z</time>
   </trkpt>
   <trkpt lat="45.980788" lon="18.709768">
    <ele>93</ele>
    <time>2026-03-22T08:03:34.0600Z</time>
   </trkpt>
   <trkpt lat="45.980813" lon="18.709840">
    <ele>93</ele>
    <time>2026-03-22T08:03:38.0570Z</time>
   </trkpt>
   <trkpt lat="45.980845" lon="18.709897">
    <ele>93</ele>
    <time>2026-03-22T08:03:43.0590Z</time>
   </trkpt>
   <trkpt lat="45.980872" lon="18.709956">
    <ele>93</ele>
    <time>2026-03-22T08:03:48.0590Z</time>
   </trkpt>
   <trkpt lat="45.980900" lon="18.710026">
    <ele>93</ele>
    <time>2026-03-22T08:03:53.0590Z</time>
   </trkpt>
   <trkpt lat="45.980918" lon="18.710102">
    <ele>93</ele>
    <time>2026-03-22T08:03:57.0590Z</time>
   </trkpt>
   <trkpt lat="45.980918" lon="18.710168">
    <ele>94</ele>
    <time>2026-03-22T08:04:04.0610Z</time>
   </trkpt>
   <trkpt lat="45.980935" lon="18.710234">
    <ele>94</ele>
    <time>2026-03-22T08:04:08.0600Z</time>
   </trkpt>
   <trkpt lat="45.980958" lon="18.710304">
    <ele>95</ele>
    <time>2026-03-22T08:04:15.0570Z</time>
   </trkpt>
   <trkpt lat="45.980973" lon="18.710367">
    <ele>95</ele>
    <time>2026-03-22T08:04:18.0570Z</time>
   </trkpt>
   <trkpt lat="45.980982" lon="18.710434">
    <ele>95</ele>
    <time>2026-03-22T08:04:21.0590Z</time>
   </trkpt>
   <trkpt lat="45.981002" lon="18.710501">
    <ele>94</ele>
    <time>2026-03-22T08:04:25.0600Z</time>
   </trkpt>
   <trkpt lat="45.981005" lon="18.710566">
    <ele>94</ele>
    <time>2026-03-22T08:04:30.0590Z</time>
   </trkpt>
   <trkpt lat="45.981009" lon="18.710641">
    <ele>94</ele>
    <time>2026-03-22T08:04:35.0560Z</time>
   </trkpt>
   <trkpt lat="45.981012" lon="18.710709">
    <ele>94</ele>
    <time>2026-03-22T08:04:43.0660Z</time>
   </trkpt>
   <trkpt lat="45.980980" lon="18.710767">
    <ele>95</ele>
    <time>2026-03-22T08:04:49.0580Z</time>
   </trkpt>
   <trkpt lat="45.980963" lon="18.710830">
    <ele>95</ele>
    <time>2026-03-22T08:04:52.0560Z</time>
   </trkpt>
   <trkpt lat="45.980923" lon="18.710859">
    <ele>95</ele>
    <time>2026-03-22T08:04:57.0600Z</time>
   </trkpt>
   <trkpt lat="45.980908" lon="18.710922">
    <ele>96</ele>
    <time>2026-03-22T08:05:00.0570Z</time>
   </trkpt>
   <trkpt lat="45.980892" lon="18.710993">
    <ele>96</ele>
    <time>2026-03-22T08:05:05.0600Z</time>
   </trkpt>
   <trkpt lat="45.980872" lon="18.711061">
    <ele>97</ele>
    <time>2026-03-22T08:05:08.0610Z</time>
   </trkpt>
   <trkpt lat="45.980851" lon="18.711125">
    <ele>96</ele>
    <time>2026-03-22T08:05:13.0600Z</time>
   </trkpt>
   <trkpt lat="45.980856" lon="18.711219">
    <ele>96</ele>
    <time>2026-03-22T08:05:17.0620Z</time>
   </trkpt>
   <trkpt lat="45.980814" lon="18.711273">
    <ele>97</ele>
    <time>2026-03-22T08:05:24.0640Z</time>
   </trkpt>
   <trkpt lat="45.980771" lon="18.711299">
    <ele>99</ele>
    <time>2026-03-22T08:05:30.0590Z</time>
   </trkpt>
   <trkpt lat="45.980757" lon="18.711374">
    <ele>98</ele>
    <time>2026-03-22T08:05:34.0600Z</time>
   </trkpt>
   <trkpt lat="45.980722" lon="18.711420">
    <ele>99</ele>
    <time>2026-03-22T08:05:38.0610Z</time>
   </trkpt>
   <trkpt lat="45.980712" lon="18.711501">
    <ele>98</ele>
    <time>2026-03-22T08:05:42.0610Z</time>
   </trkpt>
   <trkpt lat="45.980688" lon="18.711561">
    <ele>97</ele>
    <time>2026-03-22T08:05:46.0600Z</time>
   </trkpt>
   <trkpt lat="45.980645" lon="18.711590">
    <ele>97</ele>
    <time>2026-03-22T08:05:50.0630Z</time>
   </trkpt>
   <trkpt lat="45.980604" lon="18.711639">
    <ele>97</ele>
    <time>2026-03-22T08:05:54.0610Z</time>
   </trkpt>
   <trkpt lat="45.980552" lon="18.711640">
    <ele>96</ele>
    <time>2026-03-22T08:05:59.0650Z</time>
   </trkpt>
   <trkpt lat="45.980533" lon="18.711709">
    <ele>95</ele>
    <time>2026-03-22T08:06:03.0620Z</time>
   </trkpt>
   <trkpt lat="45.980487" lon="18.711755">
    <ele>96</ele>
    <time>2026-03-22T08:06:08.0600Z</time>
   </trkpt>
   <trkpt lat="45.980475" lon="18.711837">
    <ele>95</ele>
    <time>2026-03-22T08:06:12.0620Z</time>
   </trkpt>
   <trkpt lat="45.980482" lon="18.711911">
    <ele>96</ele>
    <time>2026-03-22T08:06:18.0640Z</time>
   </trkpt>
   <trkpt lat="45.980465" lon="18.711978">
    <ele>97</ele>
    <time>2026-03-22T08:06:26.0660Z</time>
   </trkpt>
   <trkpt lat="45.980436" lon="18.712030">
    <ele>97</ele>
    <time>2026-03-22T08:06:29.0580Z</time>
   </trkpt>
   <trkpt lat="45.980411" lon="18.712088">
    <ele>96</ele>
    <time>2026-03-22T08:06:33.0620Z</time>
   </trkpt>
   <trkpt lat="45.980385" lon="18.712144">
    <ele>95</ele>
    <time>2026-03-22T08:06:36.0600Z</time>
   </trkpt>
   <trkpt lat="45.980366" lon="18.712215">
    <ele>95</ele>
    <time>2026-03-22T08:06:41.0620Z</time>
   </trkpt>
   <trkpt lat="45.980334" lon="18.712266">
    <ele>96</ele>
    <time>2026-03-22T08:06:46.0630Z</time>
   </trkpt>
   <trkpt lat="45.980286" lon="18.712292">
    <ele>96</ele>
    <time>2026-03-22T08:06:51.0620Z</time>
   </trkpt>
   <trkpt lat="45.980256" lon="18.712345">
    <ele>97</ele>
    <time>2026-03-22T08:06:55.0650Z</time>
   </trkpt>
   <trkpt lat="45.980214" lon="18.712377">
    <ele>95</ele>
    <time>2026-03-22T08:07:00.0610Z</time>
   </trkpt>
   <trkpt lat="45.980183" lon="18.712433">
    <ele>96</ele>
    <time>2026-03-22T08:07:04.0640Z</time>
   </trkpt>
   <trkpt lat="45.980176" lon="18.712506">
    <ele>95</ele>
    <time>2026-03-22T08:07:07.0620Z</time>
   </trkpt>
   <trkpt lat="45.980186" lon="18.712583">
    <ele>96</ele>
    <time>2026-03-22T08:07:12.0640Z</time>
   </trkpt>
   <trkpt lat="45.980169" lon="18.712642">
    <ele>97</ele>
    <time>2026-03-22T08:07:16.0650Z</time>
   </trkpt>
   <trkpt lat="45.980140" lon="18.712705">
    <ele>97</ele>
    <time>2026-03-22T08:07:22.0640Z</time>
   </trkpt>
   <trkpt lat="45.980117" lon="18.712774">
    <ele>96</ele>
    <time>2026-03-22T08:07:26.0640Z</time>
   </trkpt>
   <trkpt lat="45.980078" lon="18.712804">
    <ele>97</ele>
    <time>2026-03-22T08:07:30.0620Z</time>
   </trkpt>
   <trkpt lat="45.980064" lon="18.712868">
    <ele>96</ele>
    <time>2026-03-22T08:07:35.0640Z</time>
   </trkpt>
   <trkpt lat="45.980033" lon="18.712931">
    <ele>95</ele>
    <time>2026-03-22T08:07:39.0640Z</time>
   </trkpt>
   <trkpt lat="45.980036" lon="18.713002">
    <ele>94</ele>
    <time>2026-03-22T08:07:47.0660Z</time>
   </trkpt>
   <trkpt lat="45.979989" lon="18.712984">
    <ele>96</ele>
    <time>2026-03-22T08:08:03.0780Z</time>
   </trkpt>
   <trkpt lat="45.979973" lon="18.713050">
    <ele>97</ele>
    <time>2026-03-22T08:08:09.0610Z</time>
   </trkpt>
   <trkpt lat="45.979934" lon="18.713111">
    <ele>97</ele>
    <time>2026-03-22T08:08:15.0660Z</time>
   </trkpt>
   <trkpt lat="45.979917" lon="18.713205">
    <ele>97</ele>
    <time>2026-03-22T08:08:21.0640Z</time>
   </trkpt>
   <trkpt lat="45.979906" lon="18.713272">
    <ele>96</ele>
    <time>2026-03-22T08:08:25.0630Z</time>
   </trkpt>
   <trkpt lat="45.979924" lon="18.713349">
    <ele>94</ele>
    <time>2026-03-22T08:08:29.0630Z</time>
   </trkpt>
   <trkpt lat="45.979940" lon="18.713413">
    <ele>92</ele>
    <time>2026-03-22T08:08:34.0610Z</time>
   </trkpt>
   <trkpt lat="45.979921" lon="18.713472">
    <ele>93</ele>
    <time>2026-03-22T08:08:38.0660Z</time>
   </trkpt>
   <trkpt lat="45.979891" lon="18.713525">
    <ele>93</ele>
    <time>2026-03-22T08:08:42.0640Z</time>
   </trkpt>
   <trkpt lat="45.979886" lon="18.713589">
    <ele>93</ele>
    <time>2026-03-22T08:08:47.0660Z</time>
   </trkpt>
   <trkpt lat="45.979900" lon="18.713663">
    <ele>92</ele>
    <time>2026-03-22T08:08:51.0650Z</time>
   </trkpt>
   <trkpt lat="45.979910" lon="18.713729">
    <ele>91</ele>
    <time>2026-03-22T08:08:56.0670Z</time>
   </trkpt>
   <trkpt lat="45.979917" lon="18.713806">
    <ele>90</ele>
    <time>2026-03-22T08:09:01.0660Z</time>
   </trkpt>
   <trkpt lat="45.979900" lon="18.713868">
    <ele>91</ele>
    <time>2026-03-22T08:09:06.0650Z</time>
   </trkpt>
   <trkpt lat="45.979949" lon="18.713903">
    <ele>91</ele>
    <time>2026-03-22T08:09:18.0660Z</time>
   </trkpt>
   <trkpt lat="45.979980" lon="18.713957">
    <ele>90</ele>
    <time>2026-03-22T08:09:22.0640Z</time>
   </trkpt>
   <trkpt lat="45.980003" lon="18.714023">
    <ele>89</ele>
    <time>2026-03-22T08:09:27.0660Z</time>
   </trkpt>
   <trkpt lat="45.980027" lon="18.714082">
    <ele>88</ele>
    <time>2026-03-22T08:09:35.0680Z</time>
   </trkpt>
   <trkpt lat="45.980035" lon="18.714156">
    <ele>89</ele>
    <time>2026-03-22T08:09:40.0660Z</time>
   </trkpt>
   <trkpt lat="45.980071" lon="18.714210">
    <ele>90</ele>
    <time>2026-03-22T08:09:45.0650Z</time>
   </trkpt>
   <trkpt lat="45.980113" lon="18.714263">
    <ele>91</ele>
    <time>2026-03-22T08:09:50.0670Z</time>
   </trkpt>
   <trkpt lat="45.980147" lon="18.714335">
    <ele>91</ele>
    <time>2026-03-22T08:09:55.0640Z</time>
   </trkpt>
   <trkpt lat="45.980197" lon="18.714364">
    <ele>91</ele>
    <time>2026-03-22T08:09:58.0660Z</time>
   </trkpt>
   <trkpt lat="45.980237" lon="18.714402">
    <ele>92</ele>
    <time>2026-03-22T08:10:13.0690Z</time>
   </trkpt>
   <trkpt lat="45.980278" lon="18.714432">
    <ele>90</ele>
    <time>2026-03-22T08:10:17.0630Z</time>
   </trkpt>
   <trkpt lat="45.980319" lon="18.714462">
    <ele>91</ele>
    <time>2026-03-22T08:10:20.0700Z</time>
   </trkpt>
   <trkpt lat="45.980358" lon="18.714504">
    <ele>92</ele>
    <time>2026-03-22T08:10:26.0670Z</time>
   </trkpt>
   <trkpt lat="45.980397" lon="18.714539">
    <ele>90</ele>
    <time>2026-03-22T08:10:32.0700Z</time>
   </trkpt>
   <trkpt lat="45.980427" lon="18.714594">
    <ele>90</ele>
    <time>2026-03-22T08:10:43.0700Z</time>
   </trkpt>
   <trkpt lat="45.980462" lon="18.714645">
    <ele>89</ele>
    <time>2026-03-22T08:10:54.0670Z</time>
   </trkpt>
   <trkpt lat="45.980477" lon="18.714708">
    <ele>89</ele>
    <time>2026-03-22T08:10:58.0680Z</time>
   </trkpt>
   <trkpt lat="45.980516" lon="18.714764">
    <ele>90</ele>
    <time>2026-03-22T08:11:31.0660Z</time>
   </trkpt>
   <trkpt lat="45.980569" lon="18.714760">
    <ele>90</ele>
    <time>2026-03-22T08:11:50.0690Z</time>
   </trkpt>
   <trkpt lat="45.980597" lon="18.714707">
    <ele>89</ele>
    <time>2026-03-22T08:12:05.0690Z</time>
   </trkpt>
   <trkpt lat="45.980631" lon="18.714662">
    <ele>93</ele>
    <time>2026-03-22T08:12:14.0690Z</time>
   </trkpt>
   <trkpt lat="45.980669" lon="18.714627">
    <ele>93</ele>
    <time>2026-03-22T08:12:23.0700Z</time>
   </trkpt>
   <trkpt lat="45.980723" lon="18.714607">
    <ele>93</ele>
    <time>2026-03-22T08:12:33.0680Z</time>
   </trkpt>
   <trkpt lat="45.980776" lon="18.714615">
    <ele>91</ele>
    <time>2026-03-22T08:12:37.0720Z</time>
   </trkpt>
   <trkpt lat="45.980820" lon="18.714583">
    <ele>91</ele>
    <time>2026-03-22T08:12:43.0690Z</time>
   </trkpt>
   <trkpt lat="45.980870" lon="18.714560">
    <ele>93</ele>
    <time>2026-03-22T08:12:53.0680Z</time>
   </trkpt>
   <trkpt lat="45.980922" lon="18.714524">
    <ele>93</ele>
    <time>2026-03-22T08:12:58.0700Z</time>
   </trkpt>
   <trkpt lat="45.980961" lon="18.714485">
    <ele>92</ele>
    <time>2026-03-22T08:13:02.0720Z</time>
   </trkpt>
   <trkpt lat="45.981013" lon="18.714482">
    <ele>92</ele>
    <time>2026-03-22T08:13:09.0690Z</time>
   </trkpt>
   <trkpt lat="45.981059" lon="18.714483">
    <ele>88</ele>
    <time>2026-03-22T08:13:18.0660Z</time>
   </trkpt>
   <trkpt lat="45.981115" lon="18.714495">
    <ele>87</ele>
    <time>2026-03-22T08:13:23.0710Z</time>
   </trkpt>
   <trkpt lat="45.981085" lon="18.714536">
    <ele>87</ele>
    <time>2026-03-22T08:14:02.0750Z</time>
   </trkpt>
   <trkpt lat="45.981076" lon="18.714605">
    <ele>86</ele>
    <time>2026-03-22T08:16:23.0750Z</time>
   </trkpt>
   <trkpt lat="45.981051" lon="18.714662">
    <ele>86</ele>
    <time>2026-03-22T08:24:19.0860Z</time>
   </trkpt>
   <trkpt lat="45.981027" lon="18.714727">
    <ele>87</ele>
    <time>2026-03-22T08:24:25.0900Z</time>
   </trkpt>
   <trkpt lat="45.981017" lon="18.714792">
    <ele>88</ele>
    <time>2026-03-22T08:24:36.0860Z</time>
   </trkpt>
   <trkpt lat="45.980997" lon="18.714851">
    <ele>89</ele>
    <time>2026-03-22T08:24:46.0860Z</time>
   </trkpt>
   <trkpt lat="45.980966" lon="18.714898">
    <ele>89</ele>
    <time>2026-03-22T08:25:04.0880Z</time>
   </trkpt>
   <trkpt lat="45.980986" lon="18.714958">
    <ele>91</ele>
    <time>2026-03-22T08:25:23.0890Z</time>
   </trkpt>
   <trkpt lat="45.980993" lon="18.715027">
    <ele>88</ele>
    <time>2026-03-22T08:25:37.0870Z</time>
   </trkpt>
   <trkpt lat="45.981013" lon="18.714960">
    <ele>88</ele>
    <time>2026-03-22T08:27:08.0890Z</time>
   </trkpt>
   <trkpt lat="45.981022" lon="18.714890">
    <ele>87</ele>
    <time>2026-03-22T08:27:12.0850Z</time>
   </trkpt>
   <trkpt lat="45.981030" lon="18.714824">
    <ele>88</ele>
    <time>2026-03-22T08:27:16.0880Z</time>
   </trkpt>
   <trkpt lat="45.981043" lon="18.714761">
    <ele>88</ele>
    <time>2026-03-22T08:27:20.0920Z</time>
   </trkpt>
   <trkpt lat="45.981054" lon="18.714685">
    <ele>89</ele>
    <time>2026-03-22T08:27:25.0890Z</time>
   </trkpt>
   <trkpt lat="45.981067" lon="18.714614">
    <ele>89</ele>
    <time>2026-03-22T08:27:30.0930Z</time>
   </trkpt>
   <trkpt lat="45.981057" lon="18.714545">
    <ele>90</ele>
    <time>2026-03-22T08:27:40.0930Z</time>
   </trkpt>
   <trkpt lat="45.981088" lon="18.714492">
    <ele>89</ele>
    <time>2026-03-22T08:27:50.0900Z</time>
   </trkpt>
   <trkpt lat="45.981120" lon="18.714417">
    <ele>88</ele>
    <time>2026-03-22T08:27:54.0920Z</time>
   </trkpt>
   <trkpt lat="45.981150" lon="18.714366">
    <ele>86</ele>
    <time>2026-03-22T08:28:20.0960Z</time>
   </trkpt>
   <trkpt lat="45.981145" lon="18.714300">
    <ele>86</ele>
    <time>2026-03-22T08:28:30.0900Z</time>
   </trkpt>
   <trkpt lat="45.981111" lon="18.714343">
    <ele>89</ele>
    <time>2026-03-22T08:28:44.0940Z</time>
   </trkpt>
   <trkpt lat="45.981101" lon="18.714415">
    <ele>90</ele>
    <time>2026-03-22T08:28:49.0920Z</time>
   </trkpt>
   <trkpt lat="45.981104" lon="18.714488">
    <ele>90</ele>
    <time>2026-03-22T08:28:54.0940Z</time>
   </trkpt>
   <trkpt lat="45.981062" lon="18.714502">
    <ele>91</ele>
    <time>2026-03-22T08:29:02.0910Z</time>
   </trkpt>
   <trkpt lat="45.981053" lon="18.714575">
    <ele>91</ele>
    <time>2026-03-22T08:29:22.0950Z</time>
   </trkpt>
   <trkpt lat="45.981041" lon="18.714501">
    <ele>89</ele>
    <time>2026-03-22T08:30:36.0890Z</time>
   </trkpt>
   <trkpt lat="45.981032" lon="18.714434">
    <ele>92</ele>
    <time>2026-03-22T08:30:57.0930Z</time>
   </trkpt>
   <trkpt lat="45.980992" lon="18.714386">
    <ele>93</ele>
    <time>2026-03-22T08:31:10.0950Z</time>
   </trkpt>
   <trkpt lat="45.980944" lon="18.714408">
    <ele>94</ele>
    <time>2026-03-22T08:31:30.0950Z</time>
   </trkpt>
   <trkpt lat="45.980900" lon="18.714404">
    <ele>94</ele>
    <time>2026-03-22T08:31:34.0980Z</time>
   </trkpt>
   <trkpt lat="45.980855" lon="18.714435">
    <ele>93</ele>
    <time>2026-03-22T08:31:39.0960Z</time>
   </trkpt>
   <trkpt lat="45.980841" lon="18.714500">
    <ele>94</ele>
    <time>2026-03-22T08:31:48.0970Z</time>
   </trkpt>
   <trkpt lat="45.980798" lon="18.714470">
    <ele>95</ele>
    <time>2026-03-22T08:32:04.0990Z</time>
   </trkpt>
   <trkpt lat="45.980753" lon="18.714436">
    <ele>95</ele>
    <time>2026-03-22T08:32:08.0990Z</time>
   </trkpt>
   <trkpt lat="45.980709" lon="18.714405">
    <ele>96</ele>
    <time>2026-03-22T08:32:12.0920Z</time>
   </trkpt>
   <trkpt lat="45.980669" lon="18.714450">
    <ele>97</ele>
    <time>2026-03-22T08:32:25.1000Z</time>
   </trkpt>
   <trkpt lat="45.980617" lon="18.714427">
    <ele>98</ele>
    <time>2026-03-22T08:32:30.0980Z</time>
   </trkpt>
   <trkpt lat="45.980573" lon="18.714451">
    <ele>97</ele>
    <time>2026-03-22T08:32:35.0990Z</time>
   </trkpt>
   <trkpt lat="45.980527" lon="18.714463">
    <ele>98</ele>
    <time>2026-03-22T08:32:40.0980Z</time>
   </trkpt>
   <trkpt lat="45.980467" lon="18.714424">
    <ele>99</ele>
    <time>2026-03-22T08:32:45.0990Z</time>
   </trkpt>
   <trkpt lat="45.980411" lon="18.714409">
    <ele>99</ele>
    <time>2026-03-22T08:32:47.1010Z</time>
   </trkpt>
   <trkpt lat="45.980457" lon="18.714456">
    <ele>100</ele>
    <time>2026-03-22T08:32:51.1020Z</time>
   </trkpt>
   <trkpt lat="45.980398" lon="18.714450">
    <ele>97</ele>
    <time>2026-03-22T08:33:00.0990Z</time>
   </trkpt>
   <trkpt lat="45.980346" lon="18.714431">
    <ele>96</ele>
    <time>2026-03-22T08:33:08.0990Z</time>
   </trkpt>
   <trkpt lat="45.980292" lon="18.714424">
    <ele>96</ele>
    <time>2026-03-22T08:33:14.0990Z</time>
   </trkpt>
   <trkpt lat="45.980258" lon="18.714371">
    <ele>97</ele>
    <time>2026-03-22T08:33:20.0980Z</time>
   </trkpt>
   <trkpt lat="45.980224" lon="18.714419">
    <ele>97</ele>
    <time>2026-03-22T08:33:27.0990Z</time>
   </trkpt>
   <trkpt lat="45.980219" lon="18.714354">
    <ele>97</ele>
    <time>2026-03-22T08:33:32.0960Z</time>
   </trkpt>
   <trkpt lat="45.980190" lon="18.714280">
    <ele>98</ele>
    <time>2026-03-22T08:33:38.0980Z</time>
   </trkpt>
   <trkpt lat="45.980168" lon="18.714220">
    <ele>98</ele>
    <time>2026-03-22T08:33:43.1000Z</time>
   </trkpt>
   <trkpt lat="45.980118" lon="18.714217">
    <ele>98</ele>
    <time>2026-03-22T08:33:51.1010Z</time>
   </trkpt>
   <trkpt lat="45.980109" lon="18.714149">
    <ele>98</ele>
    <time>2026-03-22T08:33:54.0980Z</time>
   </trkpt>
   <trkpt lat="45.980094" lon="18.714086">
    <ele>97</ele>
    <time>2026-03-22T08:33:59.1010Z</time>
   </trkpt>
   <trkpt lat="45.980068" lon="18.714033">
    <ele>97</ele>
    <time>2026-03-22T08:34:02.1020Z</time>
   </trkpt>
   <trkpt lat="45.980020" lon="18.713986">
    <ele>97</ele>
    <time>2026-03-22T08:34:06.1010Z</time>
   </trkpt>
   <trkpt lat="45.979979" lon="18.713923">
    <ele>96</ele>
    <time>2026-03-22T08:34:10.1010Z</time>
   </trkpt>
   <trkpt lat="45.979954" lon="18.713858">
    <ele>96</ele>
    <time>2026-03-22T08:34:13.1020Z</time>
   </trkpt>
   <trkpt lat="45.979962" lon="18.713785">
    <ele>94</ele>
    <time>2026-03-22T08:34:35.1030Z</time>
   </trkpt>
   <trkpt lat="45.979918" lon="18.713746">
    <ele>93</ele>
    <time>2026-03-22T08:34:44.0960Z</time>
   </trkpt>
   <trkpt lat="45.979886" lon="18.713696">
    <ele>93</ele>
    <time>2026-03-22T08:34:49.1040Z</time>
   </trkpt>
   <trkpt lat="45.979900" lon="18.713631">
    <ele>92</ele>
    <time>2026-03-22T08:35:18.1040Z</time>
   </trkpt>
   <trkpt lat="45.979862" lon="18.713685">
    <ele>91</ele>
    <time>2026-03-22T08:35:36.1050Z</time>
   </trkpt>
   <trkpt lat="45.979914" lon="18.713654">
    <ele>93</ele>
    <time>2026-03-22T08:35:50.1040Z</time>
   </trkpt>
   <trkpt lat="45.979941" lon="18.713596">
    <ele>93</ele>
    <time>2026-03-22T08:35:54.1040Z</time>
   </trkpt>
   <trkpt lat="45.979988" lon="18.713568">
    <ele>94</ele>
    <time>2026-03-22T08:36:02.1050Z</time>
   </trkpt>
   <trkpt lat="45.979996" lon="18.713471">
    <ele>94</ele>
    <time>2026-03-22T08:36:06.1030Z</time>
   </trkpt>
   <trkpt lat="45.979996" lon="18.713402">
    <ele>94</ele>
    <time>2026-03-22T08:36:10.1030Z</time>
   </trkpt>
   <trkpt lat="45.979963" lon="18.713352">
    <ele>93</ele>
    <time>2026-03-22T08:36:14.1030Z</time>
   </trkpt>
   <trkpt lat="45.979977" lon="18.713278">
    <ele>93</ele>
    <time>2026-03-22T08:36:18.1060Z</time>
   </trkpt>
   <trkpt lat="45.979998" lon="18.713216">
    <ele>93</ele>
    <time>2026-03-22T08:36:23.1060Z</time>
   </trkpt>
   <trkpt lat="45.980024" lon="18.713163">
    <ele>91</ele>
    <time>2026-03-22T08:36:28.1060Z</time>
   </trkpt>
   <trkpt lat="45.980051" lon="18.713094">
    <ele>90</ele>
    <time>2026-03-22T08:36:32.1070Z</time>
   </trkpt>
   <trkpt lat="45.980084" lon="18.713042">
    <ele>92</ele>
    <time>2026-03-22T08:36:37.1050Z</time>
   </trkpt>
   <trkpt lat="45.980108" lon="18.712986">
    <ele>92</ele>
    <time>2026-03-22T08:36:40.1050Z</time>
   </trkpt>
   <trkpt lat="45.980134" lon="18.712924">
    <ele>94</ele>
    <time>2026-03-22T08:36:46.1070Z</time>
   </trkpt>
   <trkpt lat="45.980164" lon="18.712874">
    <ele>93</ele>
    <time>2026-03-22T08:36:50.1060Z</time>
   </trkpt>
   <trkpt lat="45.980176" lon="18.712807">
    <ele>94</ele>
    <time>2026-03-22T08:36:54.1050Z</time>
   </trkpt>
   <trkpt lat="45.980211" lon="18.712747">
    <ele>93</ele>
    <time>2026-03-22T08:36:58.1070Z</time>
   </trkpt>
   <trkpt lat="45.980227" lon="18.712687">
    <ele>93</ele>
    <time>2026-03-22T08:37:01.1060Z</time>
   </trkpt>
   <trkpt lat="45.980249" lon="18.712624">
    <ele>94</ele>
    <time>2026-03-22T08:37:04.0990Z</time>
   </trkpt>
   <trkpt lat="45.980253" lon="18.712552">
    <ele>94</ele>
    <time>2026-03-22T08:37:10.1050Z</time>
   </trkpt>
   <trkpt lat="45.980252" lon="18.712479">
    <ele>95</ele>
    <time>2026-03-22T08:37:14.1070Z</time>
   </trkpt>
   <trkpt lat="45.980286" lon="18.712433">
    <ele>95</ele>
    <time>2026-03-22T08:37:21.1000Z</time>
   </trkpt>
   <trkpt lat="45.980334" lon="18.712444">
    <ele>96</ele>
    <time>2026-03-22T08:37:30.1050Z</time>
   </trkpt>
   <trkpt lat="45.980386" lon="18.712385">
    <ele>98</ele>
    <time>2026-03-22T08:37:36.1070Z</time>
   </trkpt>
   <trkpt lat="45.980401" lon="18.712322">
    <ele>98</ele>
    <time>2026-03-22T08:37:40.1050Z</time>
   </trkpt>
   <trkpt lat="45.980427" lon="18.712265">
    <ele>97</ele>
    <time>2026-03-22T08:37:43.1050Z</time>
   </trkpt>
   <trkpt lat="45.980448" lon="18.712205">
    <ele>97</ele>
    <time>2026-03-22T08:37:47.1060Z</time>
   </trkpt>
   <trkpt lat="45.980483" lon="18.712147">
    <ele>97</ele>
    <time>2026-03-22T08:37:50.1040Z</time>
   </trkpt>
   <trkpt lat="45.980498" lon="18.712071">
    <ele>97</ele>
    <time>2026-03-22T08:37:54.1040Z</time>
   </trkpt>
   <trkpt lat="45.980521" lon="18.712013">
    <ele>96</ele>
    <time>2026-03-22T08:37:58.1050Z</time>
   </trkpt>
   <trkpt lat="45.980556" lon="18.711947">
    <ele>96</ele>
    <time>2026-03-22T08:38:03.1050Z</time>
   </trkpt>
   <trkpt lat="45.980560" lon="18.711860">
    <ele>97</ele>
    <time>2026-03-22T08:38:10.1060Z</time>
   </trkpt>
   <trkpt lat="45.980583" lon="18.711799">
    <ele>98</ele>
    <time>2026-03-22T08:38:16.1060Z</time>
   </trkpt>
   <trkpt lat="45.980620" lon="18.711760">
    <ele>97</ele>
    <time>2026-03-22T08:38:22.1050Z</time>
   </trkpt>
   <trkpt lat="45.980656" lon="18.711707">
    <ele>98</ele>
    <time>2026-03-22T08:38:25.1060Z</time>
   </trkpt>
   <trkpt lat="45.980709" lon="18.711647">
    <ele>97</ele>
    <time>2026-03-22T08:38:32.1070Z</time>
   </trkpt>
   <trkpt lat="45.980745" lon="18.711567">
    <ele>96</ele>
    <time>2026-03-22T08:38:36.1040Z</time>
   </trkpt>
   <trkpt lat="45.980772" lon="18.711488">
    <ele>95</ele>
    <time>2026-03-22T08:38:42.1070Z</time>
   </trkpt>
   <trkpt lat="45.980823" lon="18.711425">
    <ele>95</ele>
    <time>2026-03-22T08:38:48.1080Z</time>
   </trkpt>
   <trkpt lat="45.980850" lon="18.711363">
    <ele>95</ele>
    <time>2026-03-22T08:38:51.1080Z</time>
   </trkpt>
   <trkpt lat="45.980881" lon="18.711307">
    <ele>95</ele>
    <time>2026-03-22T08:38:54.1070Z</time>
   </trkpt>
   <trkpt lat="45.980916" lon="18.711246">
    <ele>95</ele>
    <time>2026-03-22T08:39:00.1090Z</time>
   </trkpt>
   <trkpt lat="45.980944" lon="18.711194">
    <ele>95</ele>
    <time>2026-03-22T08:39:04.1090Z</time>
   </trkpt>
   <trkpt lat="45.980968" lon="18.711132">
    <ele>96</ele>
    <time>2026-03-22T08:39:08.1090Z</time>
   </trkpt>
   <trkpt lat="45.980993" lon="18.711071">
    <ele>97</ele>
    <time>2026-03-22T08:39:13.1080Z</time>
   </trkpt>
   <trkpt lat="45.981018" lon="18.710993">
    <ele>95</ele>
    <time>2026-03-22T08:39:17.1110Z</time>
   </trkpt>
   <trkpt lat="45.981031" lon="18.710923">
    <ele>95</ele>
    <time>2026-03-22T08:39:22.1040Z</time>
   </trkpt>
   <trkpt lat="45.981053" lon="18.710851">
    <ele>95</ele>
    <time>2026-03-22T08:39:26.1060Z</time>
   </trkpt>
   <trkpt lat="45.981072" lon="18.710774">
    <ele>96</ele>
    <time>2026-03-22T08:39:33.1070Z</time>
   </trkpt>
   <trkpt lat="45.981089" lon="18.710708">
    <ele>96</ele>
    <time>2026-03-22T08:39:36.1070Z</time>
   </trkpt>
   <trkpt lat="45.981127" lon="18.710665">
    <ele>99</ele>
    <time>2026-03-22T08:39:42.1090Z</time>
   </trkpt>
   <trkpt lat="45.981082" lon="18.710653">
    <ele>98</ele>
    <time>2026-03-22T08:39:51.1060Z</time>
   </trkpt>
   <trkpt lat="45.981066" lon="18.710580">
    <ele>96</ele>
    <time>2026-03-22T08:40:00.1080Z</time>
   </trkpt>
   <trkpt lat="45.981093" lon="18.710527">
    <ele>96</ele>
    <time>2026-03-22T08:40:04.1070Z</time>
   </trkpt>
   <trkpt lat="45.981057" lon="18.710489">
    <ele>96</ele>
    <time>2026-03-22T08:40:08.1090Z</time>
   </trkpt>
   <trkpt lat="45.981031" lon="18.710418">
    <ele>96</ele>
    <time>2026-03-22T08:40:14.1080Z</time>
   </trkpt>
   <trkpt lat="45.981024" lon="18.710354">
    <ele>96</ele>
    <time>2026-03-22T08:40:17.1060Z</time>
   </trkpt>
   <trkpt lat="45.981019" lon="18.710278">
    <ele>96</ele>
    <time>2026-03-22T08:40:21.1130Z</time>
   </trkpt>
   <trkpt lat="45.980996" lon="18.710208">
    <ele>94</ele>
    <time>2026-03-22T08:40:25.1090Z</time>
   </trkpt>
   <trkpt lat="45.980972" lon="18.710147">
    <ele>95</ele>
    <time>2026-03-22T08:40:31.1090Z</time>
   </trkpt>
   <trkpt lat="45.980965" lon="18.710075">
    <ele>96</ele>
    <time>2026-03-22T08:40:35.1110Z</time>
   </trkpt>
   <trkpt lat="45.980947" lon="18.710015">
    <ele>94</ele>
    <time>2026-03-22T08:40:38.1130Z</time>
   </trkpt>
   <trkpt lat="45.980898" lon="18.709950">
    <ele>94</ele>
    <time>2026-03-22T08:40:42.1110Z</time>
   </trkpt>
   <trkpt lat="45.980870" lon="18.709881">
    <ele>94</ele>
    <time>2026-03-22T08:40:47.1100Z</time>
   </trkpt>
   <trkpt lat="45.980871" lon="18.709811">
    <ele>95</ele>
    <time>2026-03-22T08:40:52.1110Z</time>
   </trkpt>
   <trkpt lat="45.980818" lon="18.709757">
    <ele>94</ele>
    <time>2026-03-22T08:40:58.1100Z</time>
   </trkpt>
   <trkpt lat="45.980779" lon="18.709728">
    <ele>95</ele>
    <time>2026-03-22T08:41:06.1110Z</time>
   </trkpt>
   <trkpt lat="45.980757" lon="18.709664">
    <ele>96</ele>
    <time>2026-03-22T08:41:11.1130Z</time>
   </trkpt>
   <trkpt lat="45.980703" lon="18.709608">
    <ele>96</ele>
    <time>2026-03-22T08:41:17.1130Z</time>
   </trkpt>
   <trkpt lat="45.980672" lon="18.709527">
    <ele>95</ele>
    <time>2026-03-22T08:41:23.1160Z</time>
   </trkpt>
   <trkpt lat="45.980657" lon="18.709458">
    <ele>95</ele>
    <time>2026-03-22T08:41:29.1080Z</time>
   </trkpt>
   <trkpt lat="45.980621" lon="18.709403">
    <ele>95</ele>
    <time>2026-03-22T08:41:33.1110Z</time>
   </trkpt>
   <trkpt lat="45.980584" lon="18.709352">
    <ele>95</ele>
    <time>2026-03-22T08:41:37.1080Z</time>
   </trkpt>
   <trkpt lat="45.980548" lon="18.709300">
    <ele>96</ele>
    <time>2026-03-22T08:41:43.1120Z</time>
   </trkpt>
   <trkpt lat="45.980505" lon="18.709262">
    <ele>96</ele>
    <time>2026-03-22T08:41:46.1100Z</time>
   </trkpt>
   <trkpt lat="45.980484" lon="18.709202">
    <ele>96</ele>
    <time>2026-03-22T08:41:49.1120Z</time>
   </trkpt>
   <trkpt lat="45.980448" lon="18.709148">
    <ele>96</ele>
    <time>2026-03-22T08:41:55.1120Z</time>
   </trkpt>
   <trkpt lat="45.980419" lon="18.709096">
    <ele>95</ele>
    <time>2026-03-22T08:41:59.1090Z</time>
   </trkpt>
   <trkpt lat="45.980386" lon="18.709046">
    <ele>95</ele>
    <time>2026-03-22T08:42:04.1120Z</time>
   </trkpt>
   <trkpt lat="45.980339" lon="18.709016">
    <ele>94</ele>
    <time>2026-03-22T08:42:11.1120Z</time>
   </trkpt>
   <trkpt lat="45.980353" lon="18.708939">
    <ele>93</ele>
    <time>2026-03-22T08:42:14.1120Z</time>
   </trkpt>
   <trkpt lat="45.980320" lon="18.708871">
    <ele>94</ele>
    <time>2026-03-22T08:42:20.1110Z</time>
   </trkpt>
   <trkpt lat="45.980286" lon="18.708806">
    <ele>95</ele>
    <time>2026-03-22T08:42:25.1040Z</time>
   </trkpt>
   <trkpt lat="45.980234" lon="18.708761">
    <ele>95</ele>
    <time>2026-03-22T08:42:32.1120Z</time>
   </trkpt>
   <trkpt lat="45.980191" lon="18.708696">
    <ele>95</ele>
    <time>2026-03-22T08:42:39.1140Z</time>
   </trkpt>
   <trkpt lat="45.980163" lon="18.708640">
    <ele>94</ele>
    <time>2026-03-22T08:42:43.1130Z</time>
   </trkpt>
   <trkpt lat="45.980149" lon="18.708560">
    <ele>94</ele>
    <time>2026-03-22T08:42:49.1110Z</time>
   </trkpt>
   <trkpt lat="45.980113" lon="18.708518">
    <ele>95</ele>
    <time>2026-03-22T08:42:53.1110Z</time>
   </trkpt>
   <trkpt lat="45.980107" lon="18.708449">
    <ele>95</ele>
    <time>2026-03-22T08:42:57.1130Z</time>
   </trkpt>
   <trkpt lat="45.980063" lon="18.708392">
    <ele>95</ele>
    <time>2026-03-22T08:43:02.1130Z</time>
   </trkpt>
   <trkpt lat="45.980037" lon="18.708334">
    <ele>96</ele>
    <time>2026-03-22T08:43:07.1130Z</time>
   </trkpt>
   <trkpt lat="45.980014" lon="18.708266">
    <ele>97</ele>
    <time>2026-03-22T08:43:11.1160Z</time>
   </trkpt>
   <trkpt lat="45.979970" lon="18.708204">
    <ele>97</ele>
    <time>2026-03-22T08:43:16.1130Z</time>
   </trkpt>
   <trkpt lat="45.979945" lon="18.708144">
    <ele>97</ele>
    <time>2026-03-22T08:43:19.1150Z</time>
   </trkpt>
   <trkpt lat="45.979942" lon="18.708074">
    <ele>96</ele>
    <time>2026-03-22T08:43:26.1160Z</time>
   </trkpt>
   <trkpt lat="45.979901" lon="18.708046">
    <ele>96</ele>
    <time>2026-03-22T08:43:30.1130Z</time>
   </trkpt>
   <trkpt lat="45.979874" lon="18.707987">
    <ele>95</ele>
    <time>2026-03-22T08:43:34.1150Z</time>
   </trkpt>
   <trkpt lat="45.979852" lon="18.707927">
    <ele>95</ele>
    <time>2026-03-22T08:43:39.1120Z</time>
   </trkpt>
   <trkpt lat="45.979816" lon="18.707871">
    <ele>96</ele>
    <time>2026-03-22T08:43:45.1160Z</time>
   </trkpt>
   <trkpt lat="45.979792" lon="18.707808">
    <ele>97</ele>
    <time>2026-03-22T08:43:49.1140Z</time>
   </trkpt>
   <trkpt lat="45.979763" lon="18.707741">
    <ele>95</ele>
    <time>2026-03-22T08:43:54.1100Z</time>
   </trkpt>
   <trkpt lat="45.979735" lon="18.707682">
    <ele>95</ele>
    <time>2026-03-22T08:43:59.1120Z</time>
   </trkpt>
   <trkpt lat="45.979687" lon="18.707638">
    <ele>94</ele>
    <time>2026-03-22T08:44:03.1150Z</time>
   </trkpt>
   <trkpt lat="45.979652" lon="18.707591">
    <ele>95</ele>
    <time>2026-03-22T08:44:10.1160Z</time>
   </trkpt>
   <trkpt lat="45.979611" lon="18.707530">
    <ele>92</ele>
    <time>2026-03-22T08:44:16.1140Z</time>
   </trkpt>
   <trkpt lat="45.979577" lon="18.707482">
    <ele>92</ele>
    <time>2026-03-22T08:44:21.1140Z</time>
   </trkpt>
   <trkpt lat="45.979589" lon="18.707410">
    <ele>92</ele>
    <time>2026-03-22T08:44:24.1170Z</time>
   </trkpt>
   <trkpt lat="45.979566" lon="18.707344">
    <ele>93</ele>
    <time>2026-03-22T08:44:29.1150Z</time>
   </trkpt>
   <trkpt lat="45.979545" lon="18.707271">
    <ele>91</ele>
    <time>2026-03-22T08:44:34.1150Z</time>
   </trkpt>
   <trkpt lat="45.979514" lon="18.707217">
    <ele>90</ele>
    <time>2026-03-22T08:44:38.1130Z</time>
   </trkpt>
   <trkpt lat="45.979468" lon="18.707201">
    <ele>89</ele>
    <time>2026-03-22T08:44:42.1170Z</time>
   </trkpt>
   <trkpt lat="45.979450" lon="18.707119">
    <ele>88</ele>
    <time>2026-03-22T08:44:51.1170Z</time>
   </trkpt>
   <trkpt lat="45.979434" lon="18.707047">
    <ele>90</ele>
    <time>2026-03-22T08:44:58.1180Z</time>
   </trkpt>
   <trkpt lat="45.979393" lon="18.707002">
    <ele>88</ele>
    <time>2026-03-22T08:45:03.1180Z</time>
   </trkpt>
   <trkpt lat="45.979358" lon="18.706951">
    <ele>87</ele>
    <time>2026-03-22T08:45:11.1140Z</time>
   </trkpt>
   <trkpt lat="45.979313" lon="18.706897">
    <ele>88</ele>
    <time>2026-03-22T08:45:20.1180Z</time>
   </trkpt>
   <trkpt lat="45.979277" lon="18.706832">
    <ele>88</ele>
    <time>2026-03-22T08:45:30.1170Z</time>
   </trkpt>
   <trkpt lat="45.979296" lon="18.706767">
    <ele>86</ele>
    <time>2026-03-22T08:46:23.1190Z</time>
   </trkpt>
   <trkpt lat="45.979276" lon="18.706680">
    <ele>85</ele>
    <time>2026-03-22T08:46:27.1180Z</time>
   </trkpt>
   <trkpt lat="45.979244" lon="18.706627">
    <ele>85</ele>
    <time>2026-03-22T08:46:31.1180Z</time>
   </trkpt>
   <trkpt lat="45.979246" lon="18.706549">
    <ele>86</ele>
    <time>2026-03-22T08:46:36.1160Z</time>
   </trkpt>
   <trkpt lat="45.979206" lon="18.706493">
    <ele>88</ele>
    <time>2026-03-22T08:46:41.1190Z</time>
   </trkpt>
   <trkpt lat="45.979167" lon="18.706440">
    <ele>87</ele>
    <time>2026-03-22T08:46:45.1180Z</time>
   </trkpt>
   <trkpt lat="45.979155" lon="18.706372">
    <ele>87</ele>
    <time>2026-03-22T08:46:49.1240Z</time>
   </trkpt>
   <trkpt lat="45.979124" lon="18.706329">
    <ele>89</ele>
    <time>2026-03-22T08:46:53.1200Z</time>
   </trkpt>
   <trkpt lat="45.979102" lon="18.706261">
    <ele>89</ele>
    <time>2026-03-22T08:46:58.1210Z</time>
   </trkpt>
   <trkpt lat="45.979078" lon="18.706203">
    <ele>89</ele>
    <time>2026-03-22T08:47:01.1160Z</time>
   </trkpt>
   <trkpt lat="45.979034" lon="18.706162">
    <ele>89</ele>
    <time>2026-03-22T08:47:05.1230Z</time>
   </trkpt>
   <trkpt lat="45.979000" lon="18.706120">
    <ele>88</ele>
    <time>2026-03-22T08:47:10.1190Z</time>
   </trkpt>
   <trkpt lat="45.978950" lon="18.706086">
    <ele>89</ele>
    <time>2026-03-22T08:47:19.1210Z</time>
   </trkpt>
   <trkpt lat="45.978907" lon="18.706062">
    <ele>88</ele>
    <time>2026-03-22T08:47:29.1190Z</time>
   </trkpt>
   <trkpt lat="45.978875" lon="18.706003">
    <ele>87</ele>
    <time>2026-03-22T08:47:43.1210Z</time>
   </trkpt>
   <trkpt lat="45.978833" lon="18.705956">
    <ele>85</ele>
    <time>2026-03-22T08:47:49.1200Z</time>
   </trkpt>
   <trkpt lat="45.978788" lon="18.705928">
    <ele>85</ele>
    <time>2026-03-22T08:47:55.1210Z</time>
   </trkpt>
   <trkpt lat="45.978759" lon="18.705870">
    <ele>84</ele>
    <time>2026-03-22T08:48:00.1210Z</time>
   </trkpt>
   <trkpt lat="45.978742" lon="18.705794">
    <ele>83</ele>
    <time>2026-03-22T08:48:12.1230Z</time>
   </trkpt>
   <trkpt lat="45.978715" lon="18.705724">
    <ele>84</ele>
    <time>2026-03-22T08:48:17.1220Z</time>
   </trkpt>
   <trkpt lat="45.978680" lon="18.705667">
    <ele>85</ele>
    <time>2026-03-22T08:48:22.1190Z</time>
   </trkpt>
   <trkpt lat="45.978660" lon="18.705600">
    <ele>86</ele>
    <time>2026-03-22T08:48:27.1260Z</time>
   </trkpt>
   <trkpt lat="45.978642" lon="18.705532">
    <ele>86</ele>
    <time>2026-03-22T08:48:32.1240Z</time>
   </trkpt>
   <trkpt lat="45.978670" lon="18.705485">
    <ele>86</ele>
    <time>2026-03-22T08:48:37.1210Z</time>
   </trkpt>
   <trkpt lat="45.978709" lon="18.705427">
    <ele>87</ele>
    <time>2026-03-22T08:48:51.1220Z</time>
   </trkpt>
   <trkpt lat="45.978752" lon="18.705393">
    <ele>86</ele>
    <time>2026-03-22T08:49:00.1250Z</time>
   </trkpt>
   <trkpt lat="45.978798" lon="18.705356">
    <ele>85</ele>
    <time>2026-03-22T08:49:05.1250Z</time>
   </trkpt>
   <trkpt lat="45.978838" lon="18.705329">
    <ele>86</ele>
    <time>2026-03-22T08:49:09.1230Z</time>
   </trkpt>
   <trkpt lat="45.978883" lon="18.705294">
    <ele>85</ele>
    <time>2026-03-22T08:49:14.1280Z</time>
   </trkpt>
   <trkpt lat="45.978925" lon="18.705255">
    <ele>85</ele>
    <time>2026-03-22T08:49:18.1250Z</time>
   </trkpt>
   <trkpt lat="45.978961" lon="18.705222">
    <ele>86</ele>
    <time>2026-03-22T08:49:23.1220Z</time>
   </trkpt>
   <trkpt lat="45.979002" lon="18.705182">
    <ele>86</ele>
    <time>2026-03-22T08:49:30.1240Z</time>
   </trkpt>
   <trkpt lat="45.979046" lon="18.705147">
    <ele>86</ele>
    <time>2026-03-22T08:49:35.1240Z</time>
   </trkpt>
   <trkpt lat="45.979092" lon="18.705106">
    <ele>87</ele>
    <time>2026-03-22T08:49:40.1260Z</time>
   </trkpt>
   <trkpt lat="45.979137" lon="18.705063">
    <ele>87</ele>
    <time>2026-03-22T08:49:46.1260Z</time>
   </trkpt>
   <trkpt lat="45.979179" lon="18.705030">
    <ele>87</ele>
    <time>2026-03-22T08:49:50.1260Z</time>
   </trkpt>
   <trkpt lat="45.979224" lon="18.704992">
    <ele>88</ele>
    <time>2026-03-22T08:49:56.1250Z</time>
   </trkpt>
   <trkpt lat="45.979263" lon="18.704952">
    <ele>89</ele>
    <time>2026-03-22T08:50:02.1220Z</time>
   </trkpt>
   <trkpt lat="45.979306" lon="18.704925">
    <ele>89</ele>
    <time>2026-03-22T08:50:07.1250Z</time>
   </trkpt>
   <trkpt lat="45.979344" lon="18.704872">
    <ele>90</ele>
    <time>2026-03-22T08:50:23.1260Z</time>
   </trkpt>
   <trkpt lat="45.979389" lon="18.704846">
    <ele>89</ele>
    <time>2026-03-22T08:50:28.1240Z</time>
   </trkpt>
   <trkpt lat="45.979431" lon="18.704814">
    <ele>89</ele>
    <time>2026-03-22T08:50:33.1270Z</time>
   </trkpt>
   <trkpt lat="45.979476" lon="18.704781">
    <ele>89</ele>
    <time>2026-03-22T08:50:38.1280Z</time>
   </trkpt>
   <trkpt lat="45.979528" lon="18.704747">
    <ele>89</ele>
    <time>2026-03-22T08:50:44.1260Z</time>
   </trkpt>
   <trkpt lat="45.979572" lon="18.704721">
    <ele>88</ele>
    <time>2026-03-22T08:50:48.1260Z</time>
   </trkpt>
   <trkpt lat="45.979610" lon="18.704681">
    <ele>88</ele>
    <time>2026-03-22T08:50:52.1280Z</time>
   </trkpt>
   <trkpt lat="45.979660" lon="18.704647">
    <ele>88</ele>
    <time>2026-03-22T08:50:57.1280Z</time>
   </trkpt>
   <trkpt lat="45.979704" lon="18.704615">
    <ele>87</ele>
    <time>2026-03-22T08:51:02.1230Z</time>
   </trkpt>
   <trkpt lat="45.979746" lon="18.704582">
    <ele>87</ele>
    <time>2026-03-22T08:51:06.1270Z</time>
   </trkpt>
   <trkpt lat="45.979791" lon="18.704532">
    <ele>87</ele>
    <time>2026-03-22T08:51:12.1260Z</time>
   </trkpt>
   <trkpt lat="45.979828" lon="18.704494">
    <ele>87</ele>
    <time>2026-03-22T08:51:16.1260Z</time>
   </trkpt>
   <trkpt lat="45.979880" lon="18.704457">
    <ele>87</ele>
    <time>2026-03-22T08:51:21.1270Z</time>
   </trkpt>
   <trkpt lat="45.979929" lon="18.704444">
    <ele>86</ele>
    <time>2026-03-22T08:51:25.1260Z</time>
   </trkpt>
   <trkpt lat="45.979958" lon="18.704388">
    <ele>86</ele>
    <time>2026-03-22T08:51:40.1260Z</time>
   </trkpt>
   <trkpt lat="45.980008" lon="18.704367">
    <ele>86</ele>
    <time>2026-03-22T08:51:50.1280Z</time>
   </trkpt>
   <trkpt lat="45.980052" lon="18.704324">
    <ele>86</ele>
    <time>2026-03-22T08:51:54.1260Z</time>
   </trkpt>
   <trkpt lat="45.980100" lon="18.704290">
    <ele>85</ele>
    <time>2026-03-22T08:51:59.1270Z</time>
   </trkpt>
   <trkpt lat="45.980142" lon="18.704242">
    <ele>86</ele>
    <time>2026-03-22T08:52:04.1240Z</time>
   </trkpt>
   <trkpt lat="45.980180" lon="18.704202">
    <ele>87</ele>
    <time>2026-03-22T08:52:08.1280Z</time>
   </trkpt>
   <trkpt lat="45.980228" lon="18.704165">
    <ele>86</ele>
    <time>2026-03-22T08:52:13.1260Z</time>
   </trkpt>
   <trkpt lat="45.980280" lon="18.704123">
    <ele>87</ele>
    <time>2026-03-22T08:52:19.1290Z</time>
   </trkpt>
   <trkpt lat="45.980324" lon="18.704097">
    <ele>86</ele>
    <time>2026-03-22T08:52:24.1300Z</time>
   </trkpt>
   <trkpt lat="45.980365" lon="18.704056">
    <ele>87</ele>
    <time>2026-03-22T08:52:28.1310Z</time>
   </trkpt>
   <trkpt lat="45.980403" lon="18.704019">
    <ele>89</ele>
    <time>2026-03-22T08:52:33.1290Z</time>
   </trkpt>
   <trkpt lat="45.980448" lon="18.703972">
    <ele>90</ele>
    <time>2026-03-22T08:52:38.1280Z</time>
   </trkpt>
   <trkpt lat="45.980498" lon="18.703941">
    <ele>89</ele>
    <time>2026-03-22T08:52:43.1280Z</time>
   </trkpt>
   <trkpt lat="45.980540" lon="18.703898">
    <ele>89</ele>
    <time>2026-03-22T08:52:49.1290Z</time>
   </trkpt>
   <trkpt lat="45.980584" lon="18.703851">
    <ele>90</ele>
    <time>2026-03-22T08:52:54.1300Z</time>
   </trkpt>
   <trkpt lat="45.980628" lon="18.703824">
    <ele>90</ele>
    <time>2026-03-22T08:52:58.1290Z</time>
   </trkpt>
   <trkpt lat="45.980682" lon="18.703797">
    <ele>90</ele>
    <time>2026-03-22T08:53:04.1290Z</time>
   </trkpt>
   <trkpt lat="45.980727" lon="18.703770">
    <ele>89</ele>
    <time>2026-03-22T08:53:09.1270Z</time>
   </trkpt>
   <trkpt lat="45.980766" lon="18.703722">
    <ele>89</ele>
    <time>2026-03-22T08:53:14.1290Z</time>
   </trkpt>
   <trkpt lat="45.980815" lon="18.703711">
    <ele>88</ele>
    <time>2026-03-22T08:53:20.1290Z</time>
   </trkpt>
   <trkpt lat="45.980861" lon="18.703661">
    <ele>88</ele>
    <time>2026-03-22T08:53:30.1290Z</time>
   </trkpt>
   <trkpt lat="45.980906" lon="18.703637">
    <ele>88</ele>
    <time>2026-03-22T08:53:34.1320Z</time>
   </trkpt>
   <trkpt lat="45.980952" lon="18.703611">
    <ele>88</ele>
    <time>2026-03-22T08:53:40.1320Z</time>
   </trkpt>
   <trkpt lat="45.980994" lon="18.703580">
    <ele>89</ele>
    <time>2026-03-22T08:53:44.1330Z</time>
   </trkpt>
   <trkpt lat="45.981044" lon="18.703540">
    <ele>89</ele>
    <time>2026-03-22T08:53:49.1300Z</time>
   </trkpt>
   <trkpt lat="45.981091" lon="18.703509">
    <ele>90</ele>
    <time>2026-03-22T08:53:54.1320Z</time>
   </trkpt>
   <trkpt lat="45.981142" lon="18.703490">
    <ele>88</ele>
    <time>2026-03-22T08:53:59.1300Z</time>
   </trkpt>
   <trkpt lat="45.981191" lon="18.703470">
    <ele>87</ele>
    <time>2026-03-22T08:54:05.1310Z</time>
   </trkpt>
   <trkpt lat="45.981239" lon="18.703441">
    <ele>87</ele>
    <time>2026-03-22T08:54:09.1310Z</time>
   </trkpt>
   <trkpt lat="45.981287" lon="18.703434">
    <ele>87</ele>
    <time>2026-03-22T08:54:14.1330Z</time>
   </trkpt>
   <trkpt lat="45.981346" lon="18.703419">
    <ele>87</ele>
    <time>2026-03-22T08:54:20.1280Z</time>
   </trkpt>
   <trkpt lat="45.981399" lon="18.703403">
    <ele>87</ele>
    <time>2026-03-22T08:54:25.1300Z</time>
   </trkpt>
   <trkpt lat="45.981447" lon="18.703399">
    <ele>86</ele>
    <time>2026-03-22T08:54:30.1300Z</time>
   </trkpt>
   <trkpt lat="45.981496" lon="18.703384">
    <ele>86</ele>
    <time>2026-03-22T08:54:34.1280Z</time>
   </trkpt>
   <trkpt lat="45.981549" lon="18.703373">
    <ele>87</ele>
    <time>2026-03-22T08:54:39.1280Z</time>
   </trkpt>
   <trkpt lat="45.981598" lon="18.703375">
    <ele>86</ele>
    <time>2026-03-22T08:54:44.1310Z</time>
   </trkpt>
   <trkpt lat="45.981646" lon="18.703362">
    <ele>87</ele>
    <time>2026-03-22T08:54:49.1290Z</time>
   </trkpt>
   <trkpt lat="45.981695" lon="18.703340">
    <ele>89</ele>
    <time>2026-03-22T08:54:55.1310Z</time>
   </trkpt>
   <trkpt lat="45.981742" lon="18.703300">
    <ele>90</ele>
    <time>2026-03-22T08:54:59.1330Z</time>
   </trkpt>
   <trkpt lat="45.981789" lon="18.703287">
    <ele>90</ele>
    <time>2026-03-22T08:55:03.1330Z</time>
   </trkpt>
   <trkpt lat="45.981842" lon="18.703267">
    <ele>91</ele>
    <time>2026-03-22T08:55:08.1320Z</time>
   </trkpt>
   <trkpt lat="45.981889" lon="18.703253">
    <ele>90</ele>
    <time>2026-03-22T08:55:13.1310Z</time>
   </trkpt>
   <trkpt lat="45.981936" lon="18.703233">
    <ele>90</ele>
    <time>2026-03-22T08:55:18.1320Z</time>
   </trkpt>
   <trkpt lat="45.981986" lon="18.703188">
    <ele>90</ele>
    <time>2026-03-22T08:55:23.1310Z</time>
   </trkpt>
   <trkpt lat="45.982030" lon="18.703146">
    <ele>89</ele>
    <time>2026-03-22T08:55:28.1320Z</time>
   </trkpt>
   <trkpt lat="45.982082" lon="18.703113">
    <ele>89</ele>
    <time>2026-03-22T08:55:33.1300Z</time>
   </trkpt>
   <trkpt lat="45.982132" lon="18.703081">
    <ele>88</ele>
    <time>2026-03-22T08:55:38.1330Z</time>
   </trkpt>
   <trkpt lat="45.982178" lon="18.703047">
    <ele>88</ele>
    <time>2026-03-22T08:55:43.1340Z</time>
   </trkpt>
   <trkpt lat="45.982219" lon="18.703014">
    <ele>87</ele>
    <time>2026-03-22T08:55:47.1340Z</time>
   </trkpt>
   <trkpt lat="45.982270" lon="18.702972">
    <ele>88</ele>
    <time>2026-03-22T08:55:53.1350Z</time>
   </trkpt>
   <trkpt lat="45.982311" lon="18.702938">
    <ele>89</ele>
    <time>2026-03-22T08:55:57.1340Z</time>
   </trkpt>
   <trkpt lat="45.982353" lon="18.702900">
    <ele>89</ele>
    <time>2026-03-22T08:56:02.1330Z</time>
   </trkpt>
   <trkpt lat="45.982397" lon="18.702870">
    <ele>90</ele>
    <time>2026-03-22T08:56:06.1350Z</time>
   </trkpt>
   <trkpt lat="45.982443" lon="18.702847">
    <ele>90</ele>
    <time>2026-03-22T08:56:10.1330Z</time>
   </trkpt>
   <trkpt lat="45.982495" lon="18.702802">
    <ele>90</ele>
    <time>2026-03-22T08:56:16.1320Z</time>
   </trkpt>
   <trkpt lat="45.982538" lon="18.702776">
    <ele>90</ele>
    <time>2026-03-22T08:56:21.1310Z</time>
   </trkpt>
   <trkpt lat="45.982587" lon="18.702749">
    <ele>89</ele>
    <time>2026-03-22T08:56:26.1410Z</time>
   </trkpt>
   <trkpt lat="45.982630" lon="18.702725">
    <ele>90</ele>
    <time>2026-03-22T08:56:30.1350Z</time>
   </trkpt>
   <trkpt lat="45.982672" lon="18.702684">
    <ele>89</ele>
    <time>2026-03-22T08:56:35.1330Z</time>
   </trkpt>
   <trkpt lat="45.982716" lon="18.702653">
    <ele>88</ele>
    <time>2026-03-22T08:56:40.1320Z</time>
   </trkpt>
   <trkpt lat="45.982764" lon="18.702609">
    <ele>87</ele>
    <time>2026-03-22T08:56:45.1320Z</time>
   </trkpt>
   <trkpt lat="45.982809" lon="18.702567">
    <ele>88</ele>
    <time>2026-03-22T08:56:50.1350Z</time>
   </trkpt>
   <trkpt lat="45.982852" lon="18.702528">
    <ele>89</ele>
    <time>2026-03-22T08:57:01.1330Z</time>
   </trkpt>
   <trkpt lat="45.982895" lon="18.702492">
    <ele>90</ele>
    <time>2026-03-22T08:57:07.1340Z</time>
   </trkpt>
   <trkpt lat="45.982936" lon="18.702455">
    <ele>89</ele>
    <time>2026-03-22T08:57:12.1350Z</time>
   </trkpt>
   <trkpt lat="45.982977" lon="18.702419">
    <ele>89</ele>
    <time>2026-03-22T08:57:16.1380Z</time>
   </trkpt>
   <trkpt lat="45.983023" lon="18.702387">
    <ele>89</ele>
    <time>2026-03-22T08:57:21.1350Z</time>
   </trkpt>
   <trkpt lat="45.983068" lon="18.702352">
    <ele>90</ele>
    <time>2026-03-22T08:57:25.1350Z</time>
   </trkpt>
   <trkpt lat="45.983113" lon="18.702324">
    <ele>88</ele>
    <time>2026-03-22T08:57:30.1310Z</time>
   </trkpt>
   <trkpt lat="45.983156" lon="18.702283">
    <ele>88</ele>
    <time>2026-03-22T08:57:35.1370Z</time>
   </trkpt>
   <trkpt lat="45.983197" lon="18.702238">
    <ele>88</ele>
    <time>2026-03-22T08:57:40.1320Z</time>
   </trkpt>
   <trkpt lat="45.983239" lon="18.702207">
    <ele>88</ele>
    <time>2026-03-22T08:57:45.1340Z</time>
   </trkpt>
   <trkpt lat="45.983274" lon="18.702159">
    <ele>88</ele>
    <time>2026-03-22T08:57:49.1320Z</time>
   </trkpt>
   <trkpt lat="45.983309" lon="18.702122">
    <ele>89</ele>
    <time>2026-03-22T08:57:53.1310Z</time>
   </trkpt>
   <trkpt lat="45.983352" lon="18.702085">
    <ele>88</ele>
    <time>2026-03-22T08:57:58.1370Z</time>
   </trkpt>
   <trkpt lat="45.983392" lon="18.702046">
    <ele>88</ele>
    <time>2026-03-22T08:58:03.1440Z</time>
   </trkpt>
   <trkpt lat="45.983432" lon="18.702009">
    <ele>88</ele>
    <time>2026-03-22T08:58:07.1350Z</time>
   </trkpt>
   <trkpt lat="45.983474" lon="18.701956">
    <ele>88</ele>
    <time>2026-03-22T08:58:12.1360Z</time>
   </trkpt>
   <trkpt lat="45.983521" lon="18.701899">
    <ele>88</ele>
    <time>2026-03-22T08:58:17.1390Z</time>
   </trkpt>
   <trkpt lat="45.983575" lon="18.701871">
    <ele>87</ele>
    <time>2026-03-22T08:58:22.1340Z</time>
   </trkpt>
   <trkpt lat="45.983604" lon="18.701822">
    <ele>87</ele>
    <time>2026-03-22T08:58:27.1330Z</time>
   </trkpt>
   <trkpt lat="45.983648" lon="18.701784">
    <ele>88</ele>
    <time>2026-03-22T08:58:32.1340Z</time>
   </trkpt>
   <trkpt lat="45.983686" lon="18.701741">
    <ele>86</ele>
    <time>2026-03-22T08:58:36.1310Z</time>
   </trkpt>
   <trkpt lat="45.983733" lon="18.701703">
    <ele>86</ele>
    <time>2026-03-22T08:58:41.1370Z</time>
   </trkpt>
   <trkpt lat="45.983770" lon="18.701658">
    <ele>86</ele>
    <time>2026-03-22T08:58:46.1360Z</time>
   </trkpt>
   <trkpt lat="45.983801" lon="18.701616">
    <ele>86</ele>
    <time>2026-03-22T08:58:50.1370Z</time>
   </trkpt>
   <trkpt lat="45.983840" lon="18.701573">
    <ele>86</ele>
    <time>2026-03-22T08:58:54.1350Z</time>
   </trkpt>
   <trkpt lat="45.983882" lon="18.701531">
    <ele>85</ele>
    <time>2026-03-22T08:58:59.1380Z</time>
   </trkpt>
   <trkpt lat="45.983922" lon="18.701474">
    <ele>85</ele>
    <time>2026-03-22T08:59:04.1370Z</time>
   </trkpt>
   <trkpt lat="45.983957" lon="18.701439">
    <ele>84</ele>
    <time>2026-03-22T08:59:08.1380Z</time>
   </trkpt>
   <trkpt lat="45.983991" lon="18.701391">
    <ele>84</ele>
    <time>2026-03-22T08:59:12.1380Z</time>
   </trkpt>
   <trkpt lat="45.984029" lon="18.701352">
    <ele>84</ele>
    <time>2026-03-22T08:59:16.1370Z</time>
   </trkpt>
   <trkpt lat="45.984057" lon="18.701305">
    <ele>84</ele>
    <time>2026-03-22T08:59:20.1360Z</time>
   </trkpt>
   <trkpt lat="45.984065" lon="18.701226">
    <ele>84</ele>
    <time>2026-03-22T08:59:25.1360Z</time>
   </trkpt>
   <trkpt lat="45.984024" lon="18.701172">
    <ele>84</ele>
    <time>2026-03-22T08:59:32.1380Z</time>
   </trkpt>
   <trkpt lat="45.983977" lon="18.701161">
    <ele>86</ele>
    <time>2026-03-22T08:59:39.1370Z</time>
   </trkpt>
   <trkpt lat="45.984023" lon="18.701103">
    <ele>85</ele>
    <time>2026-03-22T08:59:44.1380Z</time>
   </trkpt>
   <trkpt lat="45.984067" lon="18.701047">
    <ele>86</ele>
    <time>2026-03-22T08:59:48.1370Z</time>
   </trkpt>
   <trkpt lat="45.984098" lon="18.700995">
    <ele>85</ele>
    <time>2026-03-22T08:59:52.1370Z</time>
   </trkpt>
   <trkpt lat="45.984132" lon="18.700942">
    <ele>85</ele>
    <time>2026-03-22T08:59:56.1380Z</time>
   </trkpt>
   <trkpt lat="45.984153" lon="18.700877">
    <ele>85</ele>
    <time>2026-03-22T09:00:02.1360Z</time>
   </trkpt>
   <trkpt lat="45.984184" lon="18.700822">
    <ele>84</ele>
    <time>2026-03-22T09:00:06.1390Z</time>
   </trkpt>
   <trkpt lat="45.984179" lon="18.700757">
    <ele>84</ele>
    <time>2026-03-22T09:00:09.1360Z</time>
   </trkpt>
   <trkpt lat="45.984161" lon="18.700699">
    <ele>84</ele>
    <time>2026-03-22T09:00:13.1380Z</time>
   </trkpt>
   <trkpt lat="45.984182" lon="18.700638">
    <ele>85</ele>
    <time>2026-03-22T09:00:17.1420Z</time>
   </trkpt>
   <trkpt lat="45.984216" lon="18.700592">
    <ele>84</ele>
    <time>2026-03-22T09:00:21.1370Z</time>
   </trkpt>
   <trkpt lat="45.984248" lon="18.700550">
    <ele>84</ele>
    <time>2026-03-22T09:00:25.1420Z</time>
   </trkpt>
   <trkpt lat="45.984288" lon="18.700595">
    <ele>88</ele>
    <time>2026-03-22T09:01:17.1390Z</time>
   </trkpt>
   <trkpt lat="45.984324" lon="18.700633">
    <ele>88</ele>
    <time>2026-03-22T09:01:24.1410Z</time>
   </trkpt>
   <trkpt lat="45.984385" lon="18.700634">
    <ele>87</ele>
    <time>2026-03-22T09:01:29.1420Z</time>
   </trkpt>
   <trkpt lat="45.984434" lon="18.700620">
    <ele>87</ele>
    <time>2026-03-22T09:01:34.1420Z</time>
   </trkpt>
   <trkpt lat="45.984474" lon="18.700594">
    <ele>85</ele>
    <time>2026-03-22T09:01:39.1400Z</time>
   </trkpt>
   <trkpt lat="45.984515" lon="18.700544">
    <ele>85</ele>
    <time>2026-03-22T09:01:44.1320Z</time>
   </trkpt>
   <trkpt lat="45.984563" lon="18.700507">
    <ele>85</ele>
    <time>2026-03-22T09:01:49.1420Z</time>
   </trkpt>
   <trkpt lat="45.984591" lon="18.700461">
    <ele>86</ele>
    <time>2026-03-22T09:01:53.1400Z</time>
   </trkpt>
   <trkpt lat="45.984634" lon="18.700412">
    <ele>85</ele>
    <time>2026-03-22T09:01:58.1410Z</time>
   </trkpt>
   <trkpt lat="45.984685" lon="18.700427">
    <ele>85</ele>
    <time>2026-03-22T09:02:03.1420Z</time>
   </trkpt>
   <trkpt lat="45.984731" lon="18.700441">
    <ele>86</ele>
    <time>2026-03-22T09:02:07.1400Z</time>
   </trkpt>
   <trkpt lat="45.984775" lon="18.700431">
    <ele>87</ele>
    <time>2026-03-22T09:02:11.1430Z</time>
   </trkpt>
   <trkpt lat="45.984817" lon="18.700404">
    <ele>87</ele>
    <time>2026-03-22T09:02:20.1390Z</time>
   </trkpt>
   <trkpt lat="45.984855" lon="18.700442">
    <ele>92</ele>
    <time>2026-03-22T09:02:38.1410Z</time>
   </trkpt>
   <trkpt lat="45.984903" lon="18.700461">
    <ele>90</ele>
    <time>2026-03-22T09:02:41.1400Z</time>
   </trkpt>
   <trkpt lat="45.984954" lon="18.700442">
    <ele>90</ele>
    <time>2026-03-22T09:02:45.1390Z</time>
   </trkpt>
   <trkpt lat="45.985003" lon="18.700412">
    <ele>89</ele>
    <time>2026-03-22T09:02:50.1430Z</time>
   </trkpt>
   <trkpt lat="45.985054" lon="18.700378">
    <ele>88</ele>
    <time>2026-03-22T09:02:55.1430Z</time>
   </trkpt>
   <trkpt lat="45.985098" lon="18.700356">
    <ele>87</ele>
    <time>2026-03-22T09:02:59.1440Z</time>
   </trkpt>
   <trkpt lat="45.985146" lon="18.700339">
    <ele>87</ele>
    <time>2026-03-22T09:03:03.1450Z</time>
   </trkpt>
   <trkpt lat="45.985189" lon="18.700305">
    <ele>87</ele>
    <time>2026-03-22T09:03:07.1430Z</time>
   </trkpt>
   <trkpt lat="45.985229" lon="18.700278">
    <ele>87</ele>
    <time>2026-03-22T09:03:11.1430Z</time>
   </trkpt>
   <trkpt lat="45.985272" lon="18.700250">
    <ele>87</ele>
    <time>2026-03-22T09:03:15.1410Z</time>
   </trkpt>
   <trkpt lat="45.985327" lon="18.700207">
    <ele>87</ele>
    <time>2026-03-22T09:03:22.1410Z</time>
   </trkpt>
   <trkpt lat="45.985374" lon="18.700168">
    <ele>86</ele>
    <time>2026-03-22T09:03:31.1430Z</time>
   </trkpt>
   <trkpt lat="45.985412" lon="18.700133">
    <ele>86</ele>
    <time>2026-03-22T09:03:35.1420Z</time>
   </trkpt>
   <trkpt lat="45.985463" lon="18.700103">
    <ele>88</ele>
    <time>2026-03-22T09:03:40.1420Z</time>
   </trkpt>
   <trkpt lat="45.985507" lon="18.700080">
    <ele>87</ele>
    <time>2026-03-22T09:03:45.1450Z</time>
   </trkpt>
   <trkpt lat="45.985556" lon="18.700050">
    <ele>87</ele>
    <time>2026-03-22T09:03:49.1360Z</time>
   </trkpt>
   <trkpt lat="45.985604" lon="18.700032">
    <ele>88</ele>
    <time>2026-03-22T09:03:58.1430Z</time>
   </trkpt>
   <trkpt lat="45.985655" lon="18.699994">
    <ele>87</ele>
    <time>2026-03-22T09:04:02.1530Z</time>
   </trkpt>
   <trkpt lat="45.985698" lon="18.699964">
    <ele>87</ele>
    <time>2026-03-22T09:04:07.1440Z</time>
   </trkpt>
   <trkpt lat="45.985751" lon="18.699922">
    <ele>88</ele>
    <time>2026-03-22T09:04:12.1430Z</time>
   </trkpt>
   <trkpt lat="45.985793" lon="18.699889">
    <ele>87</ele>
    <time>2026-03-22T09:04:17.1440Z</time>
   </trkpt>
   <trkpt lat="45.985844" lon="18.699858">
    <ele>88</ele>
    <time>2026-03-22T09:04:22.1440Z</time>
   </trkpt>
   <trkpt lat="45.985887" lon="18.699828">
    <ele>89</ele>
    <time>2026-03-22T09:04:35.1450Z</time>
   </trkpt>
   <trkpt lat="45.985929" lon="18.699797">
    <ele>88</ele>
    <time>2026-03-22T09:04:39.1440Z</time>
   </trkpt>
   <trkpt lat="45.985970" lon="18.699763">
    <ele>88</ele>
    <time>2026-03-22T09:04:43.1460Z</time>
   </trkpt>
   <trkpt lat="45.986020" lon="18.699741">
    <ele>87</ele>
    <time>2026-03-22T09:04:47.1460Z</time>
   </trkpt>
   <trkpt lat="45.986064" lon="18.699707">
    <ele>88</ele>
    <time>2026-03-22T09:04:51.1450Z</time>
   </trkpt>
   <trkpt lat="45.986119" lon="18.699669">
    <ele>88</ele>
    <time>2026-03-22T09:04:59.1450Z</time>
   </trkpt>
   <trkpt lat="45.986167" lon="18.699637">
    <ele>87</ele>
    <time>2026-03-22T09:05:04.1490Z</time>
   </trkpt>
   <trkpt lat="45.986199" lon="18.699589">
    <ele>88</ele>
    <time>2026-03-22T09:05:08.1430Z</time>
   </trkpt>
   <trkpt lat="45.986252" lon="18.699567">
    <ele>88</ele>
    <time>2026-03-22T09:05:13.1440Z</time>
   </trkpt>
   <trkpt lat="45.986302" lon="18.699529">
    <ele>89</ele>
    <time>2026-03-22T09:05:17.1410Z</time>
   </trkpt>
   <trkpt lat="45.986353" lon="18.699516">
    <ele>87</ele>
    <time>2026-03-22T09:05:25.1430Z</time>
   </trkpt>
   <trkpt lat="45.986405" lon="18.699480">
    <ele>86</ele>
    <time>2026-03-22T09:05:30.1460Z</time>
   </trkpt>
   <trkpt lat="45.986447" lon="18.699450">
    <ele>86</ele>
    <time>2026-03-22T09:05:36.1440Z</time>
   </trkpt>
   <trkpt lat="45.986493" lon="18.699429">
    <ele>87</ele>
    <time>2026-03-22T09:05:45.1470Z</time>
   </trkpt>
   <trkpt lat="45.986535" lon="18.699400">
    <ele>88</ele>
    <time>2026-03-22T09:05:49.1440Z</time>
   </trkpt>
   <trkpt lat="45.986576" lon="18.699367">
    <ele>87</ele>
    <time>2026-03-22T09:05:56.1470Z</time>
   </trkpt>
   <trkpt lat="45.986618" lon="18.699343">
    <ele>88</ele>
    <time>2026-03-22T09:06:03.1440Z</time>
   </trkpt>
   <trkpt lat="45.986645" lon="18.699399">
    <ele>86</ele>
    <time>2026-03-22T09:06:20.1490Z</time>
   </trkpt>
   <trkpt lat="45.986675" lon="18.699473">
    <ele>86</ele>
    <time>2026-03-22T09:06:28.1480Z</time>
   </trkpt>
   <trkpt lat="45.986711" lon="18.699525">
    <ele>85</ele>
    <time>2026-03-22T09:06:32.1480Z</time>
   </trkpt>
   <trkpt lat="45.986754" lon="18.699563">
    <ele>85</ele>
    <time>2026-03-22T09:06:43.1490Z</time>
   </trkpt>
   <trkpt lat="45.986765" lon="18.699493">
    <ele>84</ele>
    <time>2026-03-22T09:06:53.1450Z</time>
   </trkpt>
   <trkpt lat="45.986781" lon="18.699421">
    <ele>84</ele>
    <time>2026-03-22T09:06:59.1480Z</time>
   </trkpt>
   <trkpt lat="45.986765" lon="18.699358">
    <ele>86</ele>
    <time>2026-03-22T09:07:05.1480Z</time>
   </trkpt>
   <trkpt lat="45.986760" lon="18.699288">
    <ele>86</ele>
    <time>2026-03-22T09:07:12.1490Z</time>
   </trkpt>
   <trkpt lat="45.986761" lon="18.699221">
    <ele>86</ele>
    <time>2026-03-22T09:07:52.1490Z</time>
   </trkpt>
   <trkpt lat="45.986815" lon="18.699235">
    <ele>88</ele>
    <time>2026-03-22T09:08:06.1510Z</time>
   </trkpt>
   <trkpt lat="45.986857" lon="18.699194">
    <ele>87</ele>
    <time>2026-03-22T09:08:11.1480Z</time>
   </trkpt>
   <trkpt lat="45.986893" lon="18.699139">
    <ele>88</ele>
    <time>2026-03-22T09:08:15.1540Z</time>
   </trkpt>
   <trkpt lat="45.986930" lon="18.699091">
    <ele>87</ele>
    <time>2026-03-22T09:08:19.1490Z</time>
   </trkpt>
   <trkpt lat="45.986969" lon="18.699056">
    <ele>87</ele>
    <time>2026-03-22T09:08:23.1480Z</time>
   </trkpt>
   <trkpt lat="45.987012" lon="18.699028">
    <ele>87</ele>
    <time>2026-03-22T09:08:28.1480Z</time>
   </trkpt>
   <trkpt lat="45.987051" lon="18.698991">
    <ele>87</ele>
    <time>2026-03-22T09:08:32.1500Z</time>
   </trkpt>
   <trkpt lat="45.987095" lon="18.698966">
    <ele>87</ele>
    <time>2026-03-22T09:08:37.1480Z</time>
   </trkpt>
   <trkpt lat="45.987146" lon="18.698936">
    <ele>87</ele>
    <time>2026-03-22T09:08:42.1510Z</time>
   </trkpt>
   <trkpt lat="45.987189" lon="18.698906">
    <ele>87</ele>
    <time>2026-03-22T09:08:48.1520Z</time>
   </trkpt>
   <trkpt lat="45.987234" lon="18.698871">
    <ele>87</ele>
    <time>2026-03-22T09:08:52.1530Z</time>
   </trkpt>
   <trkpt lat="45.987281" lon="18.698836">
    <ele>87</ele>
    <time>2026-03-22T09:08:57.1500Z</time>
   </trkpt>
   <trkpt lat="45.987328" lon="18.698799">
    <ele>88</ele>
    <time>2026-03-22T09:09:02.1550Z</time>
   </trkpt>
   <trkpt lat="45.987380" lon="18.698772">
    <ele>88</ele>
    <time>2026-03-22T09:09:09.1500Z</time>
   </trkpt>
   <trkpt lat="45.987435" lon="18.698749">
    <ele>88</ele>
    <time>2026-03-22T09:09:14.1540Z</time>
   </trkpt>
   <trkpt lat="45.987479" lon="18.698699">
    <ele>88</ele>
    <time>2026-03-22T09:09:25.1500Z</time>
   </trkpt>
   <trkpt lat="45.987523" lon="18.698667">
    <ele>87</ele>
    <time>2026-03-22T09:09:30.1510Z</time>
   </trkpt>
   <trkpt lat="45.987569" lon="18.698648">
    <ele>88</ele>
    <time>2026-03-22T09:09:36.1540Z</time>
   </trkpt>
   <trkpt lat="45.987619" lon="18.698625">
    <ele>88</ele>
    <time>2026-03-22T09:09:43.1560Z</time>
   </trkpt>
   <trkpt lat="45.987662" lon="18.698589">
    <ele>88</ele>
    <time>2026-03-22T09:09:57.1510Z</time>
   </trkpt>
   <trkpt lat="45.987704" lon="18.698565">
    <ele>88</ele>
    <time>2026-03-22T09:10:01.1530Z</time>
   </trkpt>
   <trkpt lat="45.987750" lon="18.698539">
    <ele>88</ele>
    <time>2026-03-22T09:10:05.1540Z</time>
   </trkpt>
   <trkpt lat="45.987797" lon="18.698508">
    <ele>87</ele>
    <time>2026-03-22T09:10:10.1510Z</time>
   </trkpt>
   <trkpt lat="45.987844" lon="18.698517">
    <ele>88</ele>
    <time>2026-03-22T09:10:16.1530Z</time>
   </trkpt>
   <trkpt lat="45.987884" lon="18.698478">
    <ele>88</ele>
    <time>2026-03-22T09:10:20.1540Z</time>
   </trkpt>
   <trkpt lat="45.987919" lon="18.698423">
    <ele>88</ele>
    <time>2026-03-22T09:10:24.1540Z</time>
   </trkpt>
   <trkpt lat="45.987956" lon="18.698364">
    <ele>89</ele>
    <time>2026-03-22T09:10:31.1550Z</time>
   </trkpt>
   <trkpt lat="45.988003" lon="18.698342">
    <ele>91</ele>
    <time>2026-03-22T09:10:48.1520Z</time>
   </trkpt>
   <trkpt lat="45.988044" lon="18.698311">
    <ele>90</ele>
    <time>2026-03-22T09:11:00.1560Z</time>
   </trkpt>
   <trkpt lat="45.988081" lon="18.698266">
    <ele>90</ele>
    <time>2026-03-22T09:11:04.1560Z</time>
   </trkpt>
   <trkpt lat="45.988127" lon="18.698243">
    <ele>90</ele>
    <time>2026-03-22T09:11:16.1550Z</time>
   </trkpt>
   <trkpt lat="45.988168" lon="18.698184">
    <ele>89</ele>
    <time>2026-03-22T09:11:21.1590Z</time>
   </trkpt>
   <trkpt lat="45.988208" lon="18.698152">
    <ele>89</ele>
    <time>2026-03-22T09:11:25.1510Z</time>
   </trkpt>
   <trkpt lat="45.988253" lon="18.698126">
    <ele>89</ele>
    <time>2026-03-22T09:11:32.1570Z</time>
   </trkpt>
   <trkpt lat="45.988296" lon="18.698084">
    <ele>89</ele>
    <time>2026-03-22T09:11:38.1570Z</time>
   </trkpt>
   <trkpt lat="45.988340" lon="18.698039">
    <ele>89</ele>
    <time>2026-03-22T09:11:43.1560Z</time>
   </trkpt>
   <trkpt lat="45.988379" lon="18.698016">
    <ele>89</ele>
    <time>2026-03-22T09:11:49.1540Z</time>
   </trkpt>
   <trkpt lat="45.988419" lon="18.697975">
    <ele>89</ele>
    <time>2026-03-22T09:11:53.1580Z</time>
   </trkpt>
   <trkpt lat="45.988465" lon="18.697942">
    <ele>89</ele>
    <time>2026-03-22T09:11:58.1540Z</time>
   </trkpt>
   <trkpt lat="45.988512" lon="18.697912">
    <ele>89</ele>
    <time>2026-03-22T09:12:04.1560Z</time>
   </trkpt>
   <trkpt lat="45.988559" lon="18.697868">
    <ele>89</ele>
    <time>2026-03-22T09:12:11.1570Z</time>
   </trkpt>
   <trkpt lat="45.988602" lon="18.697836">
    <ele>89</ele>
    <time>2026-03-22T09:12:15.1560Z</time>
   </trkpt>
   <trkpt lat="45.988644" lon="18.697807">
    <ele>89</ele>
    <time>2026-03-22T09:12:20.1600Z</time>
   </trkpt>
   <trkpt lat="45.988690" lon="18.697771">
    <ele>89</ele>
    <time>2026-03-22T09:12:24.1580Z</time>
   </trkpt>
   <trkpt lat="45.988733" lon="18.697744">
    <ele>89</ele>
    <time>2026-03-22T09:12:29.1550Z</time>
   </trkpt>
   <trkpt lat="45.988765" lon="18.697695">
    <ele>89</ele>
    <time>2026-03-22T09:12:33.1580Z</time>
   </trkpt>
   <trkpt lat="45.988818" lon="18.697661">
    <ele>90</ele>
    <time>2026-03-22T09:12:48.1540Z</time>
   </trkpt>
   <trkpt lat="45.988865" lon="18.697642">
    <ele>89</ele>
    <time>2026-03-22T09:12:53.1520Z</time>
   </trkpt>
   <trkpt lat="45.988909" lon="18.697638">
    <ele>89</ele>
    <time>2026-03-22T09:13:02.1560Z</time>
   </trkpt>
   <trkpt lat="45.988958" lon="18.697622">
    <ele>89</ele>
    <time>2026-03-22T09:13:18.1560Z</time>
   </trkpt>
   <trkpt lat="45.989000" lon="18.697603">
    <ele>89</ele>
    <time>2026-03-22T09:13:22.1530Z</time>
   </trkpt>
   <trkpt lat="45.989029" lon="18.697545">
    <ele>89</ele>
    <time>2026-03-22T09:13:27.1570Z</time>
   </trkpt>
   <trkpt lat="45.989066" lon="18.697504">
    <ele>89</ele>
    <time>2026-03-22T09:13:32.1590Z</time>
   </trkpt>
   <trkpt lat="45.989016" lon="18.697477">
    <ele>89</ele>
    <time>2026-03-22T09:13:36.1600Z</time>
   </trkpt>
   <trkpt lat="45.989075" lon="18.697471">
    <ele>89</ele>
    <time>2026-03-22T09:13:45.1580Z</time>
   </trkpt>
   <trkpt lat="45.989118" lon="18.697443">
    <ele>89</ele>
    <time>2026-03-22T09:13:53.1550Z</time>
   </trkpt>
   <trkpt lat="45.989175" lon="18.697433">
    <ele>89</ele>
    <time>2026-03-22T09:13:59.1550Z</time>
   </trkpt>
   <trkpt lat="45.989216" lon="18.697409">
    <ele>89</ele>
    <time>2026-03-22T09:14:04.1590Z</time>
   </trkpt>
   <trkpt lat="45.989261" lon="18.697398">
    <ele>89</ele>
    <time>2026-03-22T09:14:08.1570Z</time>
   </trkpt>
   <trkpt lat="45.989305" lon="18.697349">
    <ele>89</ele>
    <time>2026-03-22T09:14:14.1510Z</time>
   </trkpt>
   <trkpt lat="45.989347" lon="18.697321">
    <ele>88</ele>
    <time>2026-03-22T09:14:18.1580Z</time>
   </trkpt>
   <trkpt lat="45.989378" lon="18.697269">
    <ele>88</ele>
    <time>2026-03-22T09:14:30.1560Z</time>
   </trkpt>
   <trkpt lat="45.989429" lon="18.697255">
    <ele>88</ele>
    <time>2026-03-22T09:14:34.1610Z</time>
   </trkpt>
   <trkpt lat="45.989474" lon="18.697227">
    <ele>89</ele>
    <time>2026-03-22T09:14:39.1610Z</time>
   </trkpt>
   <trkpt lat="45.989489" lon="18.697163">
    <ele>88</ele>
    <time>2026-03-22T09:14:44.1600Z</time>
   </trkpt>
   <trkpt lat="45.989535" lon="18.697171">
    <ele>89</ele>
    <time>2026-03-22T09:14:50.1590Z</time>
   </trkpt>
   <trkpt lat="45.989583" lon="18.697152">
    <ele>88</ele>
    <time>2026-03-22T09:14:55.1600Z</time>
   </trkpt>
   <trkpt lat="45.989632" lon="18.697140">
    <ele>88</ele>
    <time>2026-03-22T09:14:59.1610Z</time>
   </trkpt>
   <trkpt lat="45.989682" lon="18.697105">
    <ele>88</ele>
    <time>2026-03-22T09:15:04.1620Z</time>
   </trkpt>
   <trkpt lat="45.989710" lon="18.697051">
    <ele>88</ele>
    <time>2026-03-22T09:15:08.1610Z</time>
   </trkpt>
   <trkpt lat="45.989757" lon="18.697038">
    <ele>89</ele>
    <time>2026-03-22T09:15:18.1590Z</time>
   </trkpt>
   <trkpt lat="45.989810" lon="18.697064">
    <ele>89</ele>
    <time>2026-03-22T09:15:23.1610Z</time>
   </trkpt>
   <trkpt lat="45.989857" lon="18.697056">
    <ele>89</ele>
    <time>2026-03-22T09:15:27.1610Z</time>
   </trkpt>
   <trkpt lat="45.989903" lon="18.697070">
    <ele>89</ele>
    <time>2026-03-22T09:15:31.1590Z</time>
   </trkpt>
   <trkpt lat="45.989958" lon="18.697071">
    <ele>88</ele>
    <time>2026-03-22T09:15:36.1610Z</time>
   </trkpt>
   <trkpt lat="45.990008" lon="18.697032">
    <ele>88</ele>
    <time>2026-03-22T09:15:45.1610Z</time>
   </trkpt>
   <trkpt lat="45.990053" lon="18.697036">
    <ele>88</ele>
    <time>2026-03-22T09:15:49.1570Z</time>
   </trkpt>
   <trkpt lat="45.990006" lon="18.697015">
    <ele>88</ele>
    <time>2026-03-22T09:15:54.1630Z</time>
   </trkpt>
   <trkpt lat="45.989959" lon="18.697020">
    <ele>89</ele>
    <time>2026-03-22T09:15:58.1620Z</time>
   </trkpt>
   <trkpt lat="45.989919" lon="18.697049">
    <ele>89</ele>
    <time>2026-03-22T09:16:01.1580Z</time>
   </trkpt>
   <trkpt lat="45.989872" lon="18.697043">
    <ele>89</ele>
    <time>2026-03-22T09:16:05.1580Z</time>
   </trkpt>
   <trkpt lat="45.989926" lon="18.697027">
    <ele>90</ele>
    <time>2026-03-22T09:16:20.1610Z</time>
   </trkpt>
   <trkpt lat="45.989968" lon="18.696986">
    <ele>89</ele>
    <time>2026-03-22T09:16:23.1620Z</time>
   </trkpt>
   <trkpt lat="45.990005" lon="18.696952">
    <ele>89</ele>
    <time>2026-03-22T09:16:26.1630Z</time>
   </trkpt>
   <trkpt lat="45.990047" lon="18.696926">
    <ele>88</ele>
    <time>2026-03-22T09:16:31.1620Z</time>
   </trkpt>
   <trkpt lat="45.990092" lon="18.696885">
    <ele>88</ele>
    <time>2026-03-22T09:16:35.1600Z</time>
   </trkpt>
   <trkpt lat="45.990122" lon="18.696830">
    <ele>88</ele>
    <time>2026-03-22T09:16:38.1620Z</time>
   </trkpt>
   <trkpt lat="45.990167" lon="18.696823">
    <ele>89</ele>
    <time>2026-03-22T09:16:41.1610Z</time>
   </trkpt>
   <trkpt lat="45.990218" lon="18.696792">
    <ele>89</ele>
    <time>2026-03-22T09:16:46.1630Z</time>
   </trkpt>
   <trkpt lat="45.990271" lon="18.696772">
    <ele>89</ele>
    <time>2026-03-22T09:16:54.1650Z</time>
   </trkpt>
   <trkpt lat="45.990323" lon="18.696745">
    <ele>89</ele>
    <time>2026-03-22T09:16:58.1620Z</time>
   </trkpt>
   <trkpt lat="45.990366" lon="18.696740">
    <ele>89</ele>
    <time>2026-03-22T09:17:06.1620Z</time>
   </trkpt>
   <trkpt lat="45.990426" lon="18.696723">
    <ele>89</ele>
    <time>2026-03-22T09:17:12.1560Z</time>
   </trkpt>
   <trkpt lat="45.990476" lon="18.696684">
    <ele>89</ele>
    <time>2026-03-22T09:17:17.1600Z</time>
   </trkpt>
   <trkpt lat="45.990516" lon="18.696655">
    <ele>89</ele>
    <time>2026-03-22T09:17:21.1630Z</time>
   </trkpt>
   <trkpt lat="45.990557" lon="18.696628">
    <ele>89</ele>
    <time>2026-03-22T09:17:25.1600Z</time>
   </trkpt>
   <trkpt lat="45.990601" lon="18.696600">
    <ele>89</ele>
    <time>2026-03-22T09:17:29.1600Z</time>
   </trkpt>
   <trkpt lat="45.990654" lon="18.696566">
    <ele>89</ele>
    <time>2026-03-22T09:17:34.1610Z</time>
   </trkpt>
   <trkpt lat="45.990690" lon="18.696528">
    <ele>89</ele>
    <time>2026-03-22T09:17:38.1650Z</time>
   </trkpt>
   <trkpt lat="45.990729" lon="18.696492">
    <ele>87</ele>
    <time>2026-03-22T09:17:42.1640Z</time>
   </trkpt>
   <trkpt lat="45.990779" lon="18.696480">
    <ele>89</ele>
    <time>2026-03-22T09:17:48.1630Z</time>
   </trkpt>
   <trkpt lat="45.990831" lon="18.696494">
    <ele>90</ele>
    <time>2026-03-22T09:17:52.1630Z</time>
   </trkpt>
   <trkpt lat="45.990872" lon="18.696465">
    <ele>90</ele>
    <time>2026-03-22T09:17:58.1580Z</time>
   </trkpt>
   <trkpt lat="45.990901" lon="18.696416">
    <ele>90</ele>
    <time>2026-03-22T09:18:04.1630Z</time>
   </trkpt>
   <trkpt lat="45.990940" lon="18.696363">
    <ele>90</ele>
    <time>2026-03-22T09:18:09.1610Z</time>
   </trkpt>
   <trkpt lat="45.990980" lon="18.696319">
    <ele>90</ele>
    <time>2026-03-22T09:18:14.1630Z</time>
   </trkpt>
   <trkpt lat="45.991032" lon="18.696296">
    <ele>90</ele>
    <time>2026-03-22T09:18:18.1550Z</time>
   </trkpt>
   <trkpt lat="45.991082" lon="18.696269">
    <ele>90</ele>
    <time>2026-03-22T09:18:22.1590Z</time>
   </trkpt>
   <trkpt lat="45.991126" lon="18.696236">
    <ele>90</ele>
    <time>2026-03-22T09:18:27.1630Z</time>
   </trkpt>
   <trkpt lat="45.991175" lon="18.696222">
    <ele>90</ele>
    <time>2026-03-22T09:18:32.1660Z</time>
   </trkpt>
   <trkpt lat="45.991227" lon="18.696189">
    <ele>90</ele>
    <time>2026-03-22T09:18:37.1640Z</time>
   </trkpt>
   <trkpt lat="45.991277" lon="18.696155">
    <ele>89</ele>
    <time>2026-03-22T09:18:42.1630Z</time>
   </trkpt>
   <trkpt lat="45.991316" lon="18.696124">
    <ele>89</ele>
    <time>2026-03-22T09:18:51.1660Z</time>
   </trkpt>
   <trkpt lat="45.991354" lon="18.696089">
    <ele>90</ele>
    <time>2026-03-22T09:18:56.1630Z</time>
   </trkpt>
   <trkpt lat="45.991403" lon="18.696060">
    <ele>90</ele>
    <time>2026-03-22T09:19:02.1620Z</time>
   </trkpt>
   <trkpt lat="45.991449" lon="18.696028">
    <ele>90</ele>
    <time>2026-03-22T09:19:07.1640Z</time>
   </trkpt>
   <trkpt lat="45.991489" lon="18.695976">
    <ele>89</ele>
    <time>2026-03-22T09:19:11.1570Z</time>
   </trkpt>
   <trkpt lat="45.991537" lon="18.695969">
    <ele>90</ele>
    <time>2026-03-22T09:19:17.1600Z</time>
   </trkpt>
   <trkpt lat="45.991588" lon="18.695956">
    <ele>89</ele>
    <time>2026-03-22T09:19:25.1610Z</time>
   </trkpt>
   <trkpt lat="45.991619" lon="18.695905">
    <ele>89</ele>
    <time>2026-03-22T09:19:31.1640Z</time>
   </trkpt>
   <trkpt lat="45.991660" lon="18.695857">
    <ele>89</ele>
    <time>2026-03-22T09:19:37.1650Z</time>
   </trkpt>
   <trkpt lat="45.991692" lon="18.695806">
    <ele>89</ele>
    <time>2026-03-22T09:19:42.1640Z</time>
   </trkpt>
   <trkpt lat="45.991739" lon="18.695756">
    <ele>90</ele>
    <time>2026-03-22T09:19:47.1640Z</time>
   </trkpt>
   <trkpt lat="45.991763" lon="18.695703">
    <ele>90</ele>
    <time>2026-03-22T09:19:52.1660Z</time>
   </trkpt>
   <trkpt lat="45.991802" lon="18.695659">
    <ele>90</ele>
    <time>2026-03-22T09:19:56.1640Z</time>
   </trkpt>
   <trkpt lat="45.991846" lon="18.695620">
    <ele>90</ele>
    <time>2026-03-22T09:20:01.1670Z</time>
   </trkpt>
   <trkpt lat="45.991889" lon="18.695574">
    <ele>91</ele>
    <time>2026-03-22T09:20:06.1650Z</time>
   </trkpt>
   <trkpt lat="45.991931" lon="18.695542">
    <ele>91</ele>
    <time>2026-03-22T09:20:10.1660Z</time>
   </trkpt>
   <trkpt lat="45.991975" lon="18.695488">
    <ele>91</ele>
    <time>2026-03-22T09:20:16.1660Z</time>
   </trkpt>
   <trkpt lat="45.992017" lon="18.695435">
    <ele>90</ele>
    <time>2026-03-22T09:20:21.1670Z</time>
   </trkpt>
   <trkpt lat="45.992054" lon="18.695396">
    <ele>90</ele>
    <time>2026-03-22T09:20:26.1670Z</time>
   </trkpt>
   <trkpt lat="45.992096" lon="18.695351">
    <ele>90</ele>
    <time>2026-03-22T09:20:31.1670Z</time>
   </trkpt>
   <trkpt lat="45.992135" lon="18.695313">
    <ele>90</ele>
    <time>2026-03-22T09:20:38.1670Z</time>
   </trkpt>
   <trkpt lat="45.992179" lon="18.695280">
    <ele>90</ele>
    <time>2026-03-22T09:20:42.1650Z</time>
   </trkpt>
   <trkpt lat="45.992212" lon="18.695233">
    <ele>91</ele>
    <time>2026-03-22T09:20:46.1670Z</time>
   </trkpt>
   <trkpt lat="45.992248" lon="18.695190">
    <ele>91</ele>
    <time>2026-03-22T09:20:50.1630Z</time>
   </trkpt>
   <trkpt lat="45.992287" lon="18.695133">
    <ele>90</ele>
    <time>2026-03-22T09:20:55.1670Z</time>
   </trkpt>
   <trkpt lat="45.992323" lon="18.695086">
    <ele>91</ele>
    <time>2026-03-22T09:21:00.1670Z</time>
   </trkpt>
   <trkpt lat="45.992363" lon="18.695048">
    <ele>91</ele>
    <time>2026-03-22T09:21:04.1670Z</time>
   </trkpt>
   <trkpt lat="45.992399" lon="18.695003">
    <ele>91</ele>
    <time>2026-03-22T09:21:09.1660Z</time>
   </trkpt>
   <trkpt lat="45.992446" lon="18.694964">
    <ele>90</ele>
    <time>2026-03-22T09:21:15.1680Z</time>
   </trkpt>
   <trkpt lat="45.992477" lon="18.694914">
    <ele>90</ele>
    <time>2026-03-22T09:21:19.1680Z</time>
   </trkpt>
   <trkpt lat="45.992527" lon="18.694881">
    <ele>90</ele>
    <time>2026-03-22T09:21:30.1650Z</time>
   </trkpt>
   <trkpt lat="45.992570" lon="18.694855">
    <ele>90</ele>
    <time>2026-03-22T09:21:34.1690Z</time>
   </trkpt>
   <trkpt lat="45.992602" lon="18.694795">
    <ele>89</ele>
    <time>2026-03-22T09:21:39.1700Z</time>
   </trkpt>
   <trkpt lat="45.992645" lon="18.694740">
    <ele>90</ele>
    <time>2026-03-22T09:21:44.1690Z</time>
   </trkpt>
   <trkpt lat="45.992680" lon="18.694690">
    <ele>90</ele>
    <time>2026-03-22T09:21:49.1660Z</time>
   </trkpt>
   <trkpt lat="45.992717" lon="18.694653">
    <ele>89</ele>
    <time>2026-03-22T09:21:53.1680Z</time>
   </trkpt>
   <trkpt lat="45.992766" lon="18.694613">
    <ele>89</ele>
    <time>2026-03-22T09:21:58.1660Z</time>
   </trkpt>
   <trkpt lat="45.992812" lon="18.694556">
    <ele>89</ele>
    <time>2026-03-22T09:22:03.1610Z</time>
   </trkpt>
   <trkpt lat="45.992851" lon="18.694508">
    <ele>89</ele>
    <time>2026-03-22T09:22:08.1600Z</time>
   </trkpt>
   <trkpt lat="45.992890" lon="18.694466">
    <ele>89</ele>
    <time>2026-03-22T09:22:13.1660Z</time>
   </trkpt>
   <trkpt lat="45.992938" lon="18.694427">
    <ele>88</ele>
    <time>2026-03-22T09:22:18.1680Z</time>
   </trkpt>
   <trkpt lat="45.992976" lon="18.694381">
    <ele>87</ele>
    <time>2026-03-22T09:22:23.1690Z</time>
   </trkpt>
   <trkpt lat="45.993024" lon="18.694325">
    <ele>87</ele>
    <time>2026-03-22T09:22:29.1660Z</time>
   </trkpt>
   <trkpt lat="45.993060" lon="18.694287">
    <ele>87</ele>
    <time>2026-03-22T09:22:34.1680Z</time>
   </trkpt>
   <trkpt lat="45.993104" lon="18.694261">
    <ele>88</ele>
    <time>2026-03-22T09:22:39.1690Z</time>
   </trkpt>
   <trkpt lat="45.993148" lon="18.694269">
    <ele>87</ele>
    <time>2026-03-22T09:22:43.1700Z</time>
   </trkpt>
   <trkpt lat="45.993193" lon="18.694269">
    <ele>87</ele>
    <time>2026-03-22T09:22:47.1730Z</time>
   </trkpt>
   <trkpt lat="45.993244" lon="18.694287">
    <ele>86</ele>
    <time>2026-03-22T09:22:52.1710Z</time>
   </trkpt>
   <trkpt lat="45.993291" lon="18.694293">
    <ele>86</ele>
    <time>2026-03-22T09:22:56.1690Z</time>
   </trkpt>
   <trkpt lat="45.993338" lon="18.694325">
    <ele>87</ele>
    <time>2026-03-22T09:23:01.1690Z</time>
   </trkpt>
   <trkpt lat="45.993382" lon="18.694361">
    <ele>87</ele>
    <time>2026-03-22T09:23:10.1720Z</time>
   </trkpt>
   <trkpt lat="45.993414" lon="18.694318">
    <ele>87</ele>
    <time>2026-03-22T09:23:23.1700Z</time>
   </trkpt>
   <trkpt lat="45.993386" lon="18.694380">
    <ele>87</ele>
    <time>2026-03-22T09:23:36.1700Z</time>
   </trkpt>
   <trkpt lat="45.993375" lon="18.694316">
    <ele>87</ele>
    <time>2026-03-22T09:23:48.1710Z</time>
   </trkpt>
   <trkpt lat="45.993335" lon="18.694283">
    <ele>87</ele>
    <time>2026-03-22T09:23:53.1670Z</time>
   </trkpt>
   <trkpt lat="45.993306" lon="18.694235">
    <ele>88</ele>
    <time>2026-03-22T09:23:57.1700Z</time>
   </trkpt>
   <trkpt lat="45.993272" lon="18.694175">
    <ele>88</ele>
    <time>2026-03-22T09:24:02.1700Z</time>
   </trkpt>
   <trkpt lat="45.993253" lon="18.694114">
    <ele>89</ele>
    <time>2026-03-22T09:24:07.1700Z</time>
   </trkpt>
   <trkpt lat="45.993294" lon="18.694080">
    <ele>90</ele>
    <time>2026-03-22T09:24:15.1710Z</time>
   </trkpt>
   <trkpt lat="45.993314" lon="18.694008">
    <ele>90</ele>
    <time>2026-03-22T09:24:19.1730Z</time>
   </trkpt>
   <trkpt lat="45.993356" lon="18.693978">
    <ele>89</ele>
    <time>2026-03-22T09:24:25.1730Z</time>
   </trkpt>
   <trkpt lat="45.993405" lon="18.693958">
    <ele>89</ele>
    <time>2026-03-22T09:24:30.1670Z</time>
   </trkpt>
   <trkpt lat="45.993454" lon="18.693929">
    <ele>89</ele>
    <time>2026-03-22T09:24:36.1700Z</time>
   </trkpt>
   <trkpt lat="45.993495" lon="18.693878">
    <ele>89</ele>
    <time>2026-03-22T09:24:42.1720Z</time>
   </trkpt>
   <trkpt lat="45.993540" lon="18.693850">
    <ele>89</ele>
    <time>2026-03-22T09:24:48.1730Z</time>
   </trkpt>
   <trkpt lat="45.993588" lon="18.693817">
    <ele>89</ele>
    <time>2026-03-22T09:24:53.1700Z</time>
   </trkpt>
   <trkpt lat="45.993621" lon="18.693774">
    <ele>89</ele>
    <time>2026-03-22T09:24:57.1720Z</time>
   </trkpt>
   <trkpt lat="45.993662" lon="18.693723">
    <ele>90</ele>
    <time>2026-03-22T09:25:03.1700Z</time>
   </trkpt>
   <trkpt lat="45.993708" lon="18.693699">
    <ele>90</ele>
    <time>2026-03-22T09:25:07.1710Z</time>
   </trkpt>
   <trkpt lat="45.993752" lon="18.693656">
    <ele>89</ele>
    <time>2026-03-22T09:25:13.1730Z</time>
   </trkpt>
   <trkpt lat="45.993799" lon="18.693610">
    <ele>89</ele>
    <time>2026-03-22T09:25:18.1740Z</time>
   </trkpt>
   <trkpt lat="45.993838" lon="18.693562">
    <ele>89</ele>
    <time>2026-03-22T09:25:23.1730Z</time>
   </trkpt>
   <trkpt lat="45.993876" lon="18.693522">
    <ele>89</ele>
    <time>2026-03-22T09:25:27.1700Z</time>
   </trkpt>
   <trkpt lat="45.993925" lon="18.693483">
    <ele>89</ele>
    <time>2026-03-22T09:25:32.1690Z</time>
   </trkpt>
   <trkpt lat="45.993961" lon="18.693434">
    <ele>88</ele>
    <time>2026-03-22T09:25:36.1740Z</time>
   </trkpt>
   <trkpt lat="45.994004" lon="18.693386">
    <ele>89</ele>
    <time>2026-03-22T09:25:42.1730Z</time>
   </trkpt>
   <trkpt lat="45.994035" lon="18.693335">
    <ele>89</ele>
    <time>2026-03-22T09:25:46.1750Z</time>
   </trkpt>
   <trkpt lat="45.994075" lon="18.693298">
    <ele>89</ele>
    <time>2026-03-22T09:25:50.1770Z</time>
   </trkpt>
   <trkpt lat="45.994118" lon="18.693265">
    <ele>88</ele>
    <time>2026-03-22T09:25:54.1730Z</time>
   </trkpt>
   <trkpt lat="45.994153" lon="18.693222">
    <ele>89</ele>
    <time>2026-03-22T09:25:59.1690Z</time>
   </trkpt>
   <trkpt lat="45.994186" lon="18.693180">
    <ele>89</ele>
    <time>2026-03-22T09:26:02.1730Z</time>
   </trkpt>
   <trkpt lat="45.994227" lon="18.693144">
    <ele>88</ele>
    <time>2026-03-22T09:26:07.1760Z</time>
   </trkpt>
   <trkpt lat="45.994268" lon="18.693103">
    <ele>88</ele>
    <time>2026-03-22T09:26:12.1740Z</time>
   </trkpt>
   <trkpt lat="45.994310" lon="18.693063">
    <ele>88</ele>
    <time>2026-03-22T09:26:17.1760Z</time>
   </trkpt>
   <trkpt lat="45.994350" lon="18.693031">
    <ele>88</ele>
    <time>2026-03-22T09:26:21.1730Z</time>
   </trkpt>
   <trkpt lat="45.994390" lon="18.692989">
    <ele>88</ele>
    <time>2026-03-22T09:26:26.1770Z</time>
   </trkpt>
   <trkpt lat="45.994429" lon="18.692949">
    <ele>88</ele>
    <time>2026-03-22T09:26:30.1700Z</time>
   </trkpt>
   <trkpt lat="45.994472" lon="18.692918">
    <ele>88</ele>
    <time>2026-03-22T09:26:35.1750Z</time>
   </trkpt>
   <trkpt lat="45.994519" lon="18.692890">
    <ele>89</ele>
    <time>2026-03-22T09:26:40.1750Z</time>
   </trkpt>
   <trkpt lat="45.994559" lon="18.692848">
    <ele>89</ele>
    <time>2026-03-22T09:26:45.1750Z</time>
   </trkpt>
   <trkpt lat="45.994599" lon="18.692815">
    <ele>88</ele>
    <time>2026-03-22T09:26:50.1770Z</time>
   </trkpt>
   <trkpt lat="45.994637" lon="18.692778">
    <ele>89</ele>
    <time>2026-03-22T09:26:54.1750Z</time>
   </trkpt>
   <trkpt lat="45.994688" lon="18.692741">
    <ele>90</ele>
    <time>2026-03-22T09:27:00.1710Z</time>
   </trkpt>
   <trkpt lat="45.994727" lon="18.692691">
    <ele>90</ele>
    <time>2026-03-22T09:27:05.1760Z</time>
   </trkpt>
   <trkpt lat="45.994766" lon="18.692653">
    <ele>89</ele>
    <time>2026-03-22T09:27:09.1750Z</time>
   </trkpt>
   <trkpt lat="45.994806" lon="18.692606">
    <ele>89</ele>
    <time>2026-03-22T09:27:14.1810Z</time>
   </trkpt>
   <trkpt lat="45.994842" lon="18.692570">
    <ele>90</ele>
    <time>2026-03-22T09:27:19.1770Z</time>
   </trkpt>
   <trkpt lat="45.994886" lon="18.692538">
    <ele>90</ele>
    <time>2026-03-22T09:27:23.1760Z</time>
   </trkpt>
   <trkpt lat="45.994923" lon="18.692485">
    <ele>89</ele>
    <time>2026-03-22T09:27:28.1740Z</time>
   </trkpt>
   <trkpt lat="45.994963" lon="18.692450">
    <ele>89</ele>
    <time>2026-03-22T09:27:32.1790Z</time>
   </trkpt>
   <trkpt lat="45.995005" lon="18.692407">
    <ele>89</ele>
    <time>2026-03-22T09:27:37.1730Z</time>
   </trkpt>
   <trkpt lat="45.995040" lon="18.692360">
    <ele>89</ele>
    <time>2026-03-22T09:27:46.1780Z</time>
   </trkpt>
   <trkpt lat="45.995087" lon="18.692316">
    <ele>89</ele>
    <time>2026-03-22T09:27:51.1760Z</time>
   </trkpt>
   <trkpt lat="45.995133" lon="18.692287">
    <ele>88</ele>
    <time>2026-03-22T09:27:57.1780Z</time>
   </trkpt>
   <trkpt lat="45.995179" lon="18.692256">
    <ele>88</ele>
    <time>2026-03-22T09:28:03.1870Z</time>
   </trkpt>
   <trkpt lat="45.995215" lon="18.692206">
    <ele>88</ele>
    <time>2026-03-22T09:28:08.1780Z</time>
   </trkpt>
   <trkpt lat="45.995261" lon="18.692168">
    <ele>88</ele>
    <time>2026-03-22T09:28:13.1740Z</time>
   </trkpt>
   <trkpt lat="45.995306" lon="18.692131">
    <ele>87</ele>
    <time>2026-03-22T09:28:18.1780Z</time>
   </trkpt>
   <trkpt lat="45.995349" lon="18.692094">
    <ele>88</ele>
    <time>2026-03-22T09:28:23.1790Z</time>
   </trkpt>
   <trkpt lat="45.995391" lon="18.692042">
    <ele>88</ele>
    <time>2026-03-22T09:28:29.1770Z</time>
   </trkpt>
   <trkpt lat="45.995429" lon="18.692001">
    <ele>88</ele>
    <time>2026-03-22T09:28:38.1770Z</time>
   </trkpt>
   <trkpt lat="45.995470" lon="18.691964">
    <ele>87</ele>
    <time>2026-03-22T09:28:42.1800Z</time>
   </trkpt>
   <trkpt lat="45.995512" lon="18.691919">
    <ele>87</ele>
    <time>2026-03-22T09:28:47.1780Z</time>
   </trkpt>
   <trkpt lat="45.995550" lon="18.691879">
    <ele>87</ele>
    <time>2026-03-22T09:28:52.1770Z</time>
   </trkpt>
   <trkpt lat="45.995594" lon="18.691841">
    <ele>87</ele>
    <time>2026-03-22T09:28:57.1780Z</time>
   </trkpt>
   <trkpt lat="45.995640" lon="18.691808">
    <ele>88</ele>
    <time>2026-03-22T09:29:02.1780Z</time>
   </trkpt>
   <trkpt lat="45.995677" lon="18.691769">
    <ele>88</ele>
    <time>2026-03-22T09:29:06.1730Z</time>
   </trkpt>
   <trkpt lat="45.995717" lon="18.691718">
    <ele>87</ele>
    <time>2026-03-22T09:29:11.1760Z</time>
   </trkpt>
   <trkpt lat="45.995744" lon="18.691656">
    <ele>88</ele>
    <time>2026-03-22T09:29:16.1710Z</time>
   </trkpt>
   <trkpt lat="45.995785" lon="18.691626">
    <ele>88</ele>
    <time>2026-03-22T09:29:21.1700Z</time>
   </trkpt>
   <trkpt lat="45.995827" lon="18.691582">
    <ele>89</ele>
    <time>2026-03-22T09:29:27.1700Z</time>
   </trkpt>
   <trkpt lat="45.995865" lon="18.691537">
    <ele>89</ele>
    <time>2026-03-22T09:29:35.1710Z</time>
   </trkpt>
   <trkpt lat="45.995901" lon="18.691498">
    <ele>89</ele>
    <time>2026-03-22T09:29:41.1730Z</time>
   </trkpt>
   <trkpt lat="45.995951" lon="18.691473">
    <ele>89</ele>
    <time>2026-03-22T09:29:52.1710Z</time>
   </trkpt>
   <trkpt lat="45.995994" lon="18.691438">
    <ele>89</ele>
    <time>2026-03-22T09:29:57.1750Z</time>
   </trkpt>
   <trkpt lat="45.996029" lon="18.691395">
    <ele>89</ele>
    <time>2026-03-22T09:30:02.1690Z</time>
   </trkpt>
   <trkpt lat="45.996070" lon="18.691355">
    <ele>89</ele>
    <time>2026-03-22T09:30:08.1710Z</time>
   </trkpt>
   <trkpt lat="45.996114" lon="18.691318">
    <ele>89</ele>
    <time>2026-03-22T09:30:14.1720Z</time>
   </trkpt>
   <trkpt lat="45.996151" lon="18.691271">
    <ele>89</ele>
    <time>2026-03-22T09:30:20.1700Z</time>
   </trkpt>
   <trkpt lat="45.996191" lon="18.691227">
    <ele>89</ele>
    <time>2026-03-22T09:30:24.1790Z</time>
   </trkpt>
   <trkpt lat="45.996232" lon="18.691193">
    <ele>88</ele>
    <time>2026-03-22T09:30:29.1830Z</time>
   </trkpt>
   <trkpt lat="45.996275" lon="18.691169">
    <ele>89</ele>
    <time>2026-03-22T09:30:34.1790Z</time>
   </trkpt>
   <trkpt lat="45.996312" lon="18.691127">
    <ele>89</ele>
    <time>2026-03-22T09:30:39.1810Z</time>
   </trkpt>
   <trkpt lat="45.996360" lon="18.691095">
    <ele>89</ele>
    <time>2026-03-22T09:30:44.1790Z</time>
   </trkpt>
   <trkpt lat="45.996403" lon="18.691052">
    <ele>89</ele>
    <time>2026-03-22T09:30:50.1830Z</time>
   </trkpt>
   <trkpt lat="45.996446" lon="18.691018">
    <ele>89</ele>
    <time>2026-03-22T09:30:54.1790Z</time>
   </trkpt>
   <trkpt lat="45.996483" lon="18.690977">
    <ele>89</ele>
    <time>2026-03-22T09:30:59.1820Z</time>
   </trkpt>
   <trkpt lat="45.996531" lon="18.690943">
    <ele>89</ele>
    <time>2026-03-22T09:31:05.1830Z</time>
   </trkpt>
   <trkpt lat="45.996576" lon="18.690886">
    <ele>88</ele>
    <time>2026-03-22T09:31:10.1810Z</time>
   </trkpt>
   <trkpt lat="45.996622" lon="18.690842">
    <ele>89</ele>
    <time>2026-03-22T09:31:15.1820Z</time>
   </trkpt>
   <trkpt lat="45.996657" lon="18.690806">
    <ele>89</ele>
    <time>2026-03-22T09:31:19.1810Z</time>
   </trkpt>
   <trkpt lat="45.996692" lon="18.690761">
    <ele>89</ele>
    <time>2026-03-22T09:31:23.1840Z</time>
   </trkpt>
   <trkpt lat="45.996736" lon="18.690736">
    <ele>89</ele>
    <time>2026-03-22T09:31:28.1800Z</time>
   </trkpt>
   <trkpt lat="45.996781" lon="18.690709">
    <ele>89</ele>
    <time>2026-03-22T09:31:33.1830Z</time>
   </trkpt>
   <trkpt lat="45.996817" lon="18.690661">
    <ele>89</ele>
    <time>2026-03-22T09:31:37.1820Z</time>
   </trkpt>
   <trkpt lat="45.996866" lon="18.690618">
    <ele>89</ele>
    <time>2026-03-22T09:31:43.1820Z</time>
   </trkpt>
   <trkpt lat="45.996903" lon="18.690581">
    <ele>89</ele>
    <time>2026-03-22T09:31:47.1880Z</time>
   </trkpt>
   <trkpt lat="45.996949" lon="18.690523">
    <ele>89</ele>
    <time>2026-03-22T09:31:52.1820Z</time>
   </trkpt>
   <trkpt lat="45.996984" lon="18.690471">
    <ele>89</ele>
    <time>2026-03-22T09:31:57.1820Z</time>
   </trkpt>
   <trkpt lat="45.997035" lon="18.690439">
    <ele>88</ele>
    <time>2026-03-22T09:32:01.1840Z</time>
   </trkpt>
   <trkpt lat="45.997087" lon="18.690394">
    <ele>88</ele>
    <time>2026-03-22T09:32:06.1840Z</time>
   </trkpt>
   <trkpt lat="45.997111" lon="18.690330">
    <ele>88</ele>
    <time>2026-03-22T09:32:14.1840Z</time>
   </trkpt>
   <trkpt lat="45.997148" lon="18.690282">
    <ele>89</ele>
    <time>2026-03-22T09:32:18.1820Z</time>
   </trkpt>
   <trkpt lat="45.997191" lon="18.690254">
    <ele>89</ele>
    <time>2026-03-22T09:32:23.1840Z</time>
   </trkpt>
   <trkpt lat="45.997238" lon="18.690209">
    <ele>88</ele>
    <time>2026-03-22T09:32:28.1830Z</time>
   </trkpt>
   <trkpt lat="45.997271" lon="18.690164">
    <ele>89</ele>
    <time>2026-03-22T09:32:32.1830Z</time>
   </trkpt>
   <trkpt lat="45.997306" lon="18.690122">
    <ele>89</ele>
    <time>2026-03-22T09:32:37.1860Z</time>
   </trkpt>
   <trkpt lat="45.997352" lon="18.690093">
    <ele>88</ele>
    <time>2026-03-22T09:32:44.1820Z</time>
   </trkpt>
   <trkpt lat="45.997386" lon="18.690051">
    <ele>89</ele>
    <time>2026-03-22T09:32:59.1840Z</time>
   </trkpt>
   <trkpt lat="45.997432" lon="18.689997">
    <ele>87</ele>
    <time>2026-03-22T09:33:09.1820Z</time>
   </trkpt>
   <trkpt lat="45.997478" lon="18.689973">
    <ele>87</ele>
    <time>2026-03-22T09:33:17.1830Z</time>
   </trkpt>
   <trkpt lat="45.997509" lon="18.689918">
    <ele>88</ele>
    <time>2026-03-22T09:33:37.1880Z</time>
   </trkpt>
   <trkpt lat="45.997557" lon="18.689882">
    <ele>88</ele>
    <time>2026-03-22T09:33:43.1850Z</time>
   </trkpt>
   <trkpt lat="45.997602" lon="18.689838">
    <ele>88</ele>
    <time>2026-03-22T09:33:48.1870Z</time>
   </trkpt>
   <trkpt lat="45.997634" lon="18.689789">
    <ele>88</ele>
    <time>2026-03-22T09:33:52.1880Z</time>
   </trkpt>
   <trkpt lat="45.997680" lon="18.689755">
    <ele>89</ele>
    <time>2026-03-22T09:33:57.1840Z</time>
   </trkpt>
   <trkpt lat="45.997724" lon="18.689703">
    <ele>89</ele>
    <time>2026-03-22T09:34:02.1860Z</time>
   </trkpt>
   <trkpt lat="45.997767" lon="18.689665">
    <ele>90</ele>
    <time>2026-03-22T09:34:07.1900Z</time>
   </trkpt>
   <trkpt lat="45.997799" lon="18.689617">
    <ele>90</ele>
    <time>2026-03-22T09:34:13.1850Z</time>
   </trkpt>
   <trkpt lat="45.997842" lon="18.689580">
    <ele>90</ele>
    <time>2026-03-22T09:34:18.1860Z</time>
   </trkpt>
   <trkpt lat="45.997877" lon="18.689535">
    <ele>89</ele>
    <time>2026-03-22T09:34:22.1860Z</time>
   </trkpt>
   <trkpt lat="45.997922" lon="18.689498">
    <ele>89</ele>
    <time>2026-03-22T09:34:27.1860Z</time>
   </trkpt>
   <trkpt lat="45.997963" lon="18.689459">
    <ele>90</ele>
    <time>2026-03-22T09:34:32.1860Z</time>
   </trkpt>
   <trkpt lat="45.998006" lon="18.689413">
    <ele>89</ele>
    <time>2026-03-22T09:34:36.1860Z</time>
   </trkpt>
   <trkpt lat="45.998048" lon="18.689383">
    <ele>89</ele>
    <time>2026-03-22T09:34:40.1850Z</time>
   </trkpt>
   <trkpt lat="45.998088" lon="18.689344">
    <ele>88</ele>
    <time>2026-03-22T09:34:44.1860Z</time>
   </trkpt>
   <trkpt lat="45.998128" lon="18.689302">
    <ele>89</ele>
    <time>2026-03-22T09:34:48.1870Z</time>
   </trkpt>
   <trkpt lat="45.998167" lon="18.689270">
    <ele>90</ele>
    <time>2026-03-22T09:34:52.1900Z</time>
   </trkpt>
   <trkpt lat="45.998197" lon="18.689195">
    <ele>89</ele>
    <time>2026-03-22T09:34:56.1880Z</time>
   </trkpt>
   <trkpt lat="45.998199" lon="18.689121">
    <ele>89</ele>
    <time>2026-03-22T09:35:01.1860Z</time>
   </trkpt>
   <trkpt lat="45.998164" lon="18.689053">
    <ele>89</ele>
    <time>2026-03-22T09:35:13.1870Z</time>
   </trkpt>
   <trkpt lat="45.998189" lon="18.688992">
    <ele>90</ele>
    <time>2026-03-22T09:35:22.1880Z</time>
   </trkpt>
   <trkpt lat="45.998230" lon="18.688947">
    <ele>90</ele>
    <time>2026-03-22T09:35:27.1880Z</time>
   </trkpt>
   <trkpt lat="45.998279" lon="18.688920">
    <ele>89</ele>
    <time>2026-03-22T09:35:31.1870Z</time>
   </trkpt>
   <trkpt lat="45.998324" lon="18.688881">
    <ele>90</ele>
    <time>2026-03-22T09:35:36.1890Z</time>
   </trkpt>
   <trkpt lat="45.998366" lon="18.688829">
    <ele>89</ele>
    <time>2026-03-22T09:35:40.1890Z</time>
   </trkpt>
   <trkpt lat="45.998410" lon="18.688782">
    <ele>89</ele>
    <time>2026-03-22T09:35:44.1860Z</time>
   </trkpt>
   <trkpt lat="45.998445" lon="18.688731">
    <ele>89</ele>
    <time>2026-03-22T09:35:48.1900Z</time>
   </trkpt>
   <trkpt lat="45.998491" lon="18.688701">
    <ele>89</ele>
    <time>2026-03-22T09:35:52.1880Z</time>
   </trkpt>
   <trkpt lat="45.998526" lon="18.688655">
    <ele>89</ele>
    <time>2026-03-22T09:35:56.1880Z</time>
   </trkpt>
   <trkpt lat="45.998562" lon="18.688608">
    <ele>88</ele>
    <time>2026-03-22T09:36:00.1870Z</time>
   </trkpt>
   <trkpt lat="45.998592" lon="18.688557">
    <ele>89</ele>
    <time>2026-03-22T09:36:04.1960Z</time>
   </trkpt>
   <trkpt lat="45.998627" lon="18.688507">
    <ele>89</ele>
    <time>2026-03-22T09:36:09.1880Z</time>
   </trkpt>
   <trkpt lat="45.998645" lon="18.688442">
    <ele>88</ele>
    <time>2026-03-22T09:36:13.1870Z</time>
   </trkpt>
   <trkpt lat="45.998678" lon="18.688372">
    <ele>88</ele>
    <time>2026-03-22T09:36:19.1840Z</time>
   </trkpt>
   <trkpt lat="45.998710" lon="18.688327">
    <ele>88</ele>
    <time>2026-03-22T09:36:26.1860Z</time>
   </trkpt>
   <trkpt lat="45.998751" lon="18.688359">
    <ele>88</ele>
    <time>2026-03-22T09:36:39.1860Z</time>
   </trkpt>
   <trkpt lat="45.998716" lon="18.688299">
    <ele>89</ele>
    <time>2026-03-22T09:36:48.9980Z</time>
   </trkpt>
   <trkpt lat="45.998679" lon="18.688251">
    <ele>89</ele>
    <time>2026-03-22T09:36:50.9950Z</time>
   </trkpt>
   <trkpt lat="45.998657" lon="18.688192">
    <ele>90</ele>
    <time>2026-03-22T09:36:55.0040Z</time>
   </trkpt>
   <trkpt lat="45.998595" lon="18.688010">
    <ele>89</ele>
    <time>2026-03-22T09:36:57.0020Z</time>
   </trkpt>
   <trkpt lat="45.998623" lon="18.688092">
    <ele>90</ele>
    <time>2026-03-22T09:37:04.0040Z</time>
   </trkpt>
   <trkpt lat="45.998597" lon="18.688033">
    <ele>92</ele>
    <time>2026-03-22T09:37:11.0030Z</time>
   </trkpt>
   <trkpt lat="45.998558" lon="18.687982">
    <ele>91</ele>
    <time>2026-03-22T09:37:17.0030Z</time>
   </trkpt>
   <trkpt lat="45.998574" lon="18.687913">
    <ele>95</ele>
    <time>2026-03-22T09:37:24.9990Z</time>
   </trkpt>
   <trkpt lat="45.998565" lon="18.687829">
    <ele>94</ele>
    <time>2026-03-22T09:37:29.0470Z</time>
   </trkpt>
   <trkpt lat="45.998589" lon="18.688206">
    <ele>89</ele>
    <time>2026-03-22T09:37:44.2600Z</time>
   </trkpt>
   <trkpt lat="45.998610" lon="18.688128">
    <ele>90</ele>
    <time>2026-03-22T09:38:11.0020Z</time>
   </trkpt>
   <trkpt lat="45.998640" lon="18.688204">
    <ele>90</ele>
    <time>2026-03-22T09:38:12.9990Z</time>
   </trkpt>
   <trkpt lat="45.998684" lon="18.688197">
    <ele>90</ele>
    <time>2026-03-22T09:38:21.0010Z</time>
   </trkpt>
   <trkpt lat="45.998589" lon="18.688206">
    <ele>89</ele>
    <time>2026-03-22T09:38:35.2640Z</time>
   </trkpt>
   <trkpt lat="45.998782" lon="18.688043">
    <ele>66</ele>
    <time>2026-03-22T09:38:38.0020Z</time>
   </trkpt>
   <trkpt lat="45.998698" lon="18.688099">
    <ele>90</ele>
    <time>2026-03-22T09:38:40.0010Z</time>
   </trkpt>
   <trkpt lat="45.998654" lon="18.688166">
    <ele>90</ele>
    <time>2026-03-22T09:38:42.0010Z</time>
   </trkpt>
   <trkpt lat="45.998553" lon="18.688185">
    <ele>90</ele>
    <time>2026-03-22T09:38:46.0000Z</time>
   </trkpt>
   <trkpt lat="45.998491" lon="18.688218">
    <ele>64</ele>
    <time>2026-03-22T09:38:51.0020Z</time>
   </trkpt>
   <trkpt lat="45.998448" lon="18.688234">
    <ele>62</ele>
    <time>2026-03-22T09:38:52.9990Z</time>
   </trkpt>
   <trkpt lat="45.998505" lon="18.688158">
    <ele>66</ele>
    <time>2026-03-22T09:38:58.0000Z</time>
   </trkpt>
   <trkpt lat="45.998557" lon="18.688147">
    <ele>72</ele>
    <time>2026-03-22T09:39:05.0000Z</time>
   </trkpt>
   <trkpt lat="45.998609" lon="18.688188">
    <ele>72</ele>
    <time>2026-03-22T09:39:08.0010Z</time>
   </trkpt>
   <trkpt lat="45.998585" lon="18.688123">
    <ele>71</ele>
    <time>2026-03-22T09:39:14.0030Z</time>
   </trkpt>
   <trkpt lat="45.998589" lon="18.688206">
    <ele>89</ele>
    <time>2026-03-22T09:39:27.2510Z</time>
   </trkpt>
   <trkpt lat="45.998849" lon="18.688233">
    <ele>90</ele>
    <time>2026-03-22T09:39:46.0050Z</time>
   </trkpt>
   <trkpt lat="45.998708" lon="18.688275">
    <ele>90</ele>
    <time>2026-03-22T09:49:22.0180Z</time>
   </trkpt>
   <trkpt lat="45.998644" lon="18.688319">
    <ele>89</ele>
    <time>2026-03-22T09:49:27.0190Z</time>
   </trkpt>
   <trkpt lat="45.998602" lon="18.688356">
    <ele>89</ele>
    <time>2026-03-22T09:49:30.0120Z</time>
   </trkpt>
   <trkpt lat="45.998656" lon="18.688320">
    <ele>89</ele>
    <time>2026-03-22T09:49:41.9960Z</time>
   </trkpt>
  </trkseg>
 </trk>
</gpx>
